Timeguessr Day,Timeguessr Round,Michael Total Score,Michael Round Score,Michael Geography,Michael Geography Distance,Michael Time,Michael Time Distance,Michael Time Guessed,Michael Time Score,Michael Geography Score,Michael Geography Score (Min),Michael Geography Score (Max)
658,1,40428,,OO%,,OXX,,,,,4750.0,4999.0
658,2,40428,,OO%,,OOO,,,,,4750.0,4999.0
658,3,40428,,OXX,,OO%,,,,,3500.0,4249.0
658,4,40428,,OO%,,OO%,,,,,4750.0,4999.0
658,5,40428,,OO%,,XXX,,,,,4750.0,4999.0
659,1,33166,,O%X,,XXX,,,,,4250.0,4499.0
659,2,33166,,XXX,,O%X,,,,,12.0,2499.0
659,3,33166,,OO%,,OXX,,,,,4750.0,4999.0
659,4,33166,,OXX,,OO%,,,,,3500.0,4249.0
659,5,33166,,OO%,,O%X,,,,,4750.0,4999.0
662,1,37002,,OO%,,OXX,,,,,4750.0,4999.0
662,2,37002,,OO%,,OO%,,,,,4750.0,4999.0
662,3,37002,,OO%,,OXX,,,,,4750.0,4999.0
662,4,37002,,XXX,,O%X,,,,,12.0,2499.0
662,5,37002,,OXX,,O%X,,,,,3500.0,4249.0
663,1,37725,,OO%,,OO%,,,,,4750.0,4999.0
663,2,37725,,%XX,,OO%,,,,,2500.0,3499.0
663,3,37725,,XXX,,OXX,,,,,12.0,2499.0
663,4,37725,,O%X,,OOX,,,,,4250.0,4499.0
663,5,37725,,OOX,,OOX,,,,,4500.0,4749.0
664,1,45237,,OOX,,OOO,,,,,4500.0,4749.0
664,2,45237,,OO%,,OO%,,,,,4750.0,4999.0
664,3,45237,,OO%,,O%X,,,,,4750.0,4999.0
664,4,45237,,OXX,,OO%,,,,,3500.0,4249.0
664,5,45237,,OOX,,O%X,,,,,4500.0,4749.0
666,1,41848,,OO%,,OOO,,,,,4750.0,4999.0
666,2,41848,,XXX,,OOO,,,,,12.0,2499.0
666,3,41848,,OO%,,OO%,,,,,4750.0,4999.0
666,4,41848,,O%X,,OOO,,,,,4250.0,4499.0
666,5,41848,,OO%,,OXX,,,,,4750.0,4999.0
669,1,37264,,OO%,,O%X,,,,,4750.0,4999.0
669,2,37264,,XXX,,OOO,,,,,12.0,2499.0
669,3,37264,,OXX,,O%X,,,,,3500.0,4249.0
669,4,37264,,OO%,,OXX,,,,,4750.0,4999.0
669,5,37264,,OO%,,O%X,,,,,4750.0,4999.0
670,1,42808,,OO%,,OOO,,,,,4750.0,4999.0
670,2,42808,,OXX,,OOX,,,,,3500.0,4249.0
670,3,42808,,OXX,,OO%,,,,,3500.0,4249.0
670,4,42808,,OO%,,OXX,,,,,4750.0,4999.0
670,5,42808,,OXX,,O%X,,,,,3500.0,4249.0
671,1,41915,,OO%,,OOO,,,,,4750.0,4999.0
671,2,41915,,O%X,,OO%,,,,,4250.0,4499.0
671,3,41915,,OO%,,O%X,,,,,4750.0,4999.0
671,4,41915,,OO%,,OOX,,,,,4750.0,4999.0
671,5,41915,,OXX,,%XX,,,,,3500.0,4249.0
672,1,33097,,OO%,,O%X,,,,,4750.0,4999.0
672,2,33097,,OXX,,OXX,,,,,3500.0,4249.0
672,3,33097,,OO%,,OOO,,,,,4750.0,4999.0
672,4,33097,,%XX,,%XX,,,,,2500.0,3499.0
672,5,33097,,XXX,,O%X,,,,,12.0,2499.0
673,1,42393,,OO%,,OO%,,,,,4750.0,4999.0
673,2,42393,,OO%,,OXX,,,,,4750.0,4999.0
673,3,42393,,O%X,,OXX,,,,,4250.0,4499.0
673,4,42393,,OO%,,OO%,,,,,4750.0,4999.0
673,5,42393,,OO%,,OOX,,,,,4750.0,4999.0
676,1,40969,,OXX,,OO%,,,,,3500.0,4249.0
676,2,40969,,OO%,,OOX,,,,,4750.0,4999.0
676,3,40969,,OXX,,O%X,,,,,3500.0,4249.0
676,4,40969,,OXX,,OOO,,,,,3500.0,4249.0
676,5,40969,,OO%,,OXX,,,,,4750.0,4999.0
677,1,37211,,OO%,,OOX,,,,,4750.0,4999.0
677,2,37211,,OO%,,OOO,,,,,4750.0,4999.0
677,3,37211,,OO%,,OXX,,,,,4750.0,4999.0
677,4,37211,,OXX,,O%X,,,,,3500.0,4249.0
677,5,37211,,XXX,,OXX,,,,,12.0,2499.0
678,1,38684,,OOO,,XXX,,,,5000.0,5000.0,5000.0
678,2,38684,,OXX,,OO%,,,,,3500.0,4249.0
678,3,38684,,OO%,,OOX,,,,,4750.0,4999.0
678,4,38684,,OO%,,%XX,,,,,4750.0,4999.0
678,5,38684,,OO%,,OOO,,,,,4750.0,4999.0
679,1,34633,,OO%,,%XX,,,,,4750.0,4999.0
679,2,34633,,OO%,,OOX,,,,,4750.0,4999.0
679,3,34633,,OO%,,OOX,,,,,4750.0,4999.0
679,4,34633,,OO%,,OO%,,,,,4750.0,4999.0
679,5,34633,,XXX,,XXX,,,,,12.0,2499.0
680,1,38109,,OXX,,O%X,,,,,3500.0,4249.0
680,2,38109,,OOO,,OOX,,,,5000.0,5000.0,5000.0
680,3,38109,,O%X,,OXX,,,,,4250.0,4499.0
680,4,38109,,%XX,,O%X,,,,,2500.0,3499.0
680,5,38109,,OXX,,OOX,,,,,3500.0,4249.0
683,1,34014,,%XX,,O%X,,,,,2500.0,3499.0
683,2,34014,,%XX,,OXX,,,,,2500.0,3499.0
683,3,34014,,OXX,,OOX,,,,,3500.0,4249.0
683,4,34014,,OO%,,O%X,,,,,4750.0,4999.0
683,5,34014,,XXX,,OO%,,,,,12.0,2499.0
684,1,43270,,OXX,,OOX,,,,,3500.0,4249.0
684,2,43270,,OO%,,OO%,,,,,4750.0,4999.0
684,3,43270,,OO%,,OOX,,,,,4750.0,4999.0
684,4,43270,,OO%,,OO%,,,,,4750.0,4999.0
684,5,43270,,OO%,,%XX,,,,,4750.0,4999.0
685,1,36511,,%XX,,OOO,,,,,2500.0,3499.0
685,2,36511,,OO%,,OXX,,,,,4750.0,4999.0
685,3,36511,,OO%,,OXX,,,,,4750.0,4999.0
685,4,36511,,OXX,,OOO,,,,,3500.0,4249.0
685,5,36511,,%XX,,OXX,,,,,2500.0,3499.0
686,1,39292,,OOO,,OO%,,,,5000.0,5000.0,5000.0
686,2,39292,,OO%,,OOO,,,,,4750.0,4999.0
686,3,39292,,O%X,,OXX,,,,,4250.0,4499.0
686,4,39292,,OO%,,O%X,,,,,4750.0,4999.0
686,5,39292,,XXX,,OOX,,,,,12.0,2499.0
691,1,42697,,XXX,,OOO,,,,,12.0,2499.0
691,2,42697,,OO%,,O%X,,,,,4750.0,4999.0
691,3,42697,,OXX,,OOO,,,,,3500.0,4249.0
691,4,42697,,OXX,,OOX,,,,,3500.0,4249.0
691,5,42697,,OOO,,OO%,,,,5000.0,5000.0,5000.0
692,1,41018,,O%X,,OOX,,,,,4250.0,4499.0
692,2,41018,,O%X,,OOX,,,,,4250.0,4499.0
692,3,41018,,OO%,,XXX,,,,,4750.0,4999.0
692,4,41018,,OXX,,OOX,,,,,3500.0,4249.0
692,5,41018,,OO%,,OOO,,,,,4750.0,4999.0
693,1,40663,,OOO,,OOO,,,,5000.0,5000.0,5000.0
693,2,40663,,OOO,,OO%,,,,5000.0,5000.0,5000.0
693,3,40663,,OXX,,%XX,,,,,3500.0,4249.0
693,4,40663,,OO%,,OOO,,,,,4750.0,4999.0
693,5,40663,,OXX,,OXX,,,,,3500.0,4249.0
694,1,37865,,OO%,,OOX,,,,,4750.0,4999.0
694,2,37865,,O%X,,O%X,,,,,4250.0,4499.0
694,3,37865,,OXX,,OXX,,,,,3500.0,4249.0
694,4,37865,,O%X,,O%X,,,,,4250.0,4499.0
694,5,37865,,OOO,,%XX,,,,5000.0,5000.0,5000.0
697,1,38737,,%XX,,OOX,,,,,2500.0,3499.0
697,2,38737,,%XX,,OXX,,,,,2500.0,3499.0
697,3,38737,,OOX,,OOO,,,,,4500.0,4749.0
697,4,38737,,O%X,,OOX,,,,,4250.0,4499.0
697,5,38737,,%XX,,OO%,,,,,2500.0,3499.0
698,1,40040,,%XX,,OOO,,,,,2500.0,3499.0
698,2,40040,,OO%,,O%X,,,,,4750.0,4999.0
698,3,40040,,OO%,,O%X,,,,,4750.0,4999.0
698,4,40040,,OO%,,%XX,,,,,4750.0,4999.0
698,5,40040,,OOX,,OOX,,,,,4500.0,4749.0
699,1,42332,,OO%,,O%X,,,,,4750.0,4999.0
699,2,42332,,OOO,,OXX,,,,5000.0,5000.0,5000.0
699,3,42332,,OO%,,OO%,,,,,4750.0,4999.0
699,4,42332,,%XX,,OOO,,,,,2500.0,3499.0
699,5,42332,,O%X,,OO%,,,,,4250.0,4499.0
701,1,38551,,OO%,,OO%,,,,,4750.0,4999.0
701,2,38551,,OO%,,OXX,,,,,4750.0,4999.0
701,3,38551,,OXX,,O%X,,,,,3500.0,4249.0
701,4,38551,,OXX,,OO%,,,,,3500.0,4249.0
701,5,38551,,OO%,,XXX,,,,,4750.0,4999.0
712,1,48829,,OOO,,OOO,,,,5000.0,5000.0,5000.0
712,2,48829,,O%X,,OO%,,,,,4250.0,4499.0
712,3,48829,,OO%,,OOO,,,,,4750.0,4999.0
712,4,48829,,OOO,,OO%,,,,5000.0,5000.0,5000.0
712,5,48829,,OO%,,OOO,,,,,4750.0,4999.0
713,1,40571,,O%X,,OXX,,,,,4250.0,4499.0
713,2,40571,,OOX,,OOO,,,,,4500.0,4749.0
713,3,40571,,OO%,,OXX,,,,,4750.0,4999.0
713,4,40571,,OXX,,OOX,,,,,3500.0,4249.0
713,5,40571,,OXX,,O%X,,,,,3500.0,4249.0
714,1,34781,,O%X,,OO%,,,,,4250.0,4499.0
714,2,34781,,OOO,,%XX,,,,5000.0,5000.0,5000.0
714,3,34781,,OXX,,XXX,,,,,3500.0,4249.0
714,4,34781,,OO%,,OOO,,,,,4750.0,4999.0
714,5,34781,,XXX,,OOO,,,,,12.0,2499.0
715,1,38701,,OO%,,OO%,,,,,4750.0,4999.0
715,2,38701,,XXX,,O%X,,,,,12.0,2499.0
715,3,38701,,OO%,,OO%,,,,,4750.0,4999.0
715,4,38701,,%XX,,O%X,,,,,2500.0,3499.0
715,5,38701,,OO%,,O%X,,,,,4750.0,4999.0
718,1,35857,,OOO,,OO%,,,,5000.0,5000.0,5000.0
718,2,35857,,XXX,,OOX,,,,,12.0,2499.0
718,3,35857,,OOO,,OOX,,,,5000.0,5000.0,5000.0
718,4,35857,,OO%,,XXX,,,,,4750.0,4999.0
718,5,35857,,OOO,,OXX,,,,5000.0,5000.0,5000.0
719,1,35327,,OO%,,OOO,,,,,4750.0,4999.0
719,2,35327,,OO%,,OXX,,,,,4750.0,4999.0
719,3,35327,,%XX,,OXX,,,,,2500.0,3499.0
719,4,35327,,OO%,,OXX,,,,,4750.0,4999.0
719,5,35327,,OXX,,OXX,,,,,3500.0,4249.0
720,1,39160,,OOO,,OOO,,,,5000.0,5000.0,5000.0
720,2,39160,,OO%,,OO%,,,,,4750.0,4999.0
720,3,39160,,OXX,,OXX,,,,,3500.0,4249.0
720,4,39160,,OO%,,%XX,,,,,4750.0,4999.0
720,5,39160,,OO%,,OXX,,,,,4750.0,4999.0
721,1,34330,,OOO,,OOO,,,,5000.0,5000.0,5000.0
721,2,34330,,OXX,,XXX,,,,,3500.0,4249.0
721,3,34330,,O%X,,O%X,,,,,4250.0,4499.0
721,4,34330,,O%X,,XXX,,,,,4250.0,4499.0
721,5,34330,,O%X,,O%X,,,,,4250.0,4499.0
722,1,44407,,OO%,,OOO,,,,,4750.0,4999.0
722,2,44407,,OOX,,OOO,,,,,4500.0,4749.0
722,3,44407,,OO%,,OXX,,,,,4750.0,4999.0
722,4,44407,,OO%,,OO%,,,,,4750.0,4999.0
722,5,44407,,OXX,,OOX,,,,,3500.0,4249.0
726,1,33463,,OO%,,OOO,,,,,4750.0,4999.0
726,2,33463,,OO%,,O%X,,,,,4750.0,4999.0
726,3,33463,,XXX,,OO%,,,,,12.0,2499.0
726,4,33463,,OO%,,XXX,,,,,4750.0,4999.0
726,5,33463,,%XX,,OXX,,,,,2500.0,3499.0
727,1,48469,,OOO,,OO%,,,,5000.0,5000.0,5000.0
727,2,48469,,OO%,,OO%,,,,,4750.0,4999.0
727,3,48469,,OO%,,OO%,,,,,4750.0,4999.0
727,4,48469,,OOO,,OOX,,,,5000.0,5000.0,5000.0
727,5,48469,,OO%,,OOX,,,,,4750.0,4999.0
728,1,41033,,OO%,,O%X,,,,,4750.0,4999.0
728,2,41033,,OO%,,OOX,,,,,4750.0,4999.0
728,3,41033,,OO%,,OOX,,,,,4750.0,4999.0
728,4,41033,,OOO,,O%X,,,,5000.0,5000.0,5000.0
728,5,41033,,OO%,,XXX,,,,,4750.0,4999.0
729,1,30138,,OO%,,XXX,,,,,4750.0,4999.0
729,2,30138,,OO%,,OOX,,,,,4750.0,4999.0
729,3,30138,,OOX,,OXX,,,,,4500.0,4749.0
729,4,30138,,OOX,,O%X,,,,,4500.0,4749.0
729,5,30138,,XXX,,%XX,,,,,12.0,2499.0
732,1,32917,,OO%,,OO%,,,,,4750.0,4999.0
732,2,32917,,OXX,,OO%,,,,,3500.0,4249.0
732,3,32917,,O%X,,XXX,,,,,4250.0,4499.0
732,4,32917,,OO%,,XXX,,,,,4750.0,4999.0
732,5,32917,,OOX,,XXX,,,,,4500.0,4749.0
733,1,44011,,OOX,,OOO,,,,,4500.0,4749.0
733,2,44011,,OOO,,OO%,,,,5000.0,5000.0,5000.0
733,3,44011,,OXX,,OXX,,,,,3500.0,4249.0
733,4,44011,,OOO,,O%X,,,,5000.0,5000.0,5000.0
733,5,44011,,OO%,,OOO,,,,,4750.0,4999.0
735,1,39488,,OO%,,OO%,,,,,4750.0,4999.0
735,2,39488,,OO%,,%XX,,,,,4750.0,4999.0
735,3,39488,,OO%,,OO%,,,,,4750.0,4999.0
735,4,39488,,OO%,,OOX,,,,,4750.0,4999.0
735,5,39488,,OO%,,XXX,,,,,4750.0,4999.0
736,1,46318,,OO%,,OOO,,,,,4750.0,4999.0
736,2,46318,,O%X,,OO%,,,,,4250.0,4499.0
736,3,46318,,OO%,,OO%,,,,,4750.0,4999.0
736,4,46318,,OXX,,O%X,,,,,3500.0,4249.0
736,5,46318,,OOO,,OO%,,,,5000.0,5000.0,5000.0
740,1,31963,,OO%,,OXX,,,,,4750.0,4999.0
740,2,31963,,%XX,,XXX,,,,,2500.0,3499.0
740,3,31963,,OO%,,OXX,,,,,4750.0,4999.0
740,4,31963,,OOX,,OXX,,,,,4500.0,4749.0
740,5,31963,,OO%,,O%X,,,,,4750.0,4999.0
743,1,42375,,OOO,,OOO,,,,5000.0,5000.0,5000.0
743,2,42375,,OO%,,OOO,,,,,4750.0,4999.0
743,3,42375,,OO%,,O%X,,,,,4750.0,4999.0
743,4,42375,,OO%,,OO%,,,,,4750.0,4999.0
743,5,42375,,O%X,,XXX,,,,,4250.0,4499.0
747,1,37545,,OO%,,OO%,,,,,4750.0,4999.0
747,2,37545,,OXX,,OXX,,,,,3500.0,4249.0
747,3,37545,,OXX,,OXX,,,,,3500.0,4249.0
747,4,37545,,%XX,,O%X,,,,,2500.0,3499.0
747,5,37545,,OXX,,OO%,,,,,3500.0,4249.0
748,1,28773,,%XX,,O%X,,,,,2500.0,3499.0
748,2,28773,,O%X,,O%X,,,,,4250.0,4499.0
748,3,28773,,OO%,,XXX,,,,,4750.0,4999.0
748,4,28773,,OO%,,XXX,,,,,4750.0,4999.0
748,5,28773,,OO%,,XXX,,,,,4750.0,4999.0
774,1,45520,,OOO,,OO%,,,,5000.0,5000.0,5000.0
774,2,45520,,OXX,,O%X,,,,,3500.0,4249.0
774,3,45520,,OO%,,OO%,,,,,4750.0,4999.0
774,4,45520,,OO%,,O%X,,,,,4750.0,4999.0
774,5,45520,,OO%,,OO%,,,,,4750.0,4999.0
775,1,37339,,OO%,,OXX,,,,,4750.0,4999.0
775,2,37339,,OXX,,OOX,,,,,3500.0,4249.0
775,3,37339,,OOX,,OO%,,,,,4500.0,4749.0
775,4,37339,,OO%,,OXX,,,,,4750.0,4999.0
775,5,37339,,OOO,,XXX,,,,5000.0,5000.0,5000.0
776,1,35602,,XXX,,O%X,,,,,12.0,2499.0
776,2,35602,,OO%,,OXX,,,,,4750.0,4999.0
776,3,35602,,OO%,,OXX,,,,,4750.0,4999.0
776,4,35602,,OOX,,O%X,,,,,4500.0,4749.0
776,5,35602,,OOX,,OOO,,,,,4500.0,4749.0
777,1,30734,,O%X,,OO%,,,,,4250.0,4499.0
777,2,30734,,OO%,,XXX,,,,,4750.0,4999.0
777,3,30734,,OXX,,OXX,,,,,3500.0,4249.0
777,4,30734,,XXX,,O%X,,,,,12.0,2499.0
777,5,30734,,O%X,,O%X,,,,,4250.0,4499.0
781,1,35703,,OOO,,OO%,,,,5000.0,5000.0,5000.0
781,2,35703,,OXX,,OXX,,,,,3500.0,4249.0
781,3,35703,,OO%,,OXX,,,,,4750.0,4999.0
781,4,35703,,%XX,,XXX,,,,,2500.0,3499.0
781,5,35703,,OOO,,OO%,,,,5000.0,5000.0,5000.0
783,1,41050,,OXX,,O%X,,,,,3500.0,4249.0
783,2,41050,,OO%,,O%X,,,,,4750.0,4999.0
783,3,41050,,OXX,,O%X,,,,,3500.0,4249.0
783,4,41050,,OO%,,OO%,,,,,4750.0,4999.0
783,5,41050,,OO%,,OXX,,,,,4750.0,4999.0
784,1,43266,,OO%,,OOO,,,,,4750.0,4999.0
784,2,43266,,OO%,,OO%,,,,,4750.0,4999.0
784,3,43266,,OXX,,%XX,,,,,3500.0,4249.0
784,4,43266,,OO%,,OO%,,,,,4750.0,4999.0
784,5,43266,,OXX,,OOO,,,,,3500.0,4249.0
788,1,42307,,OOO,,OO%,,,,5000.0,5000.0,5000.0
788,2,42307,,OXX,,OXX,,,,,3500.0,4249.0
788,3,42307,,OO%,,OXX,,,,,4750.0,4999.0
788,4,42307,,OO%,,OOO,,,,,4750.0,4999.0
788,5,42307,,OO%,,OOX,,,,,4750.0,4999.0
789,1,37749,,OOO,,OOO,,,,5000.0,5000.0,5000.0
789,2,37749,,OO%,,OOO,,,,,4750.0,4999.0
789,3,37749,,OO%,,XXX,,,,,4750.0,4999.0
789,4,37749,,OO%,,OXX,,,,,4750.0,4999.0
789,5,37749,,%XX,,OXX,,,,,2500.0,3499.0
790,1,38760,,OO%,,O%X,,,,,4750.0,4999.0
790,2,38760,,OO%,,O%X,,,,,4750.0,4999.0
790,3,38760,,OO%,,OXX,,,,,4750.0,4999.0
790,4,38760,,OOX,,OXX,,,,,4500.0,4749.0
790,5,38760,,OO%,,OXX,,,,,4750.0,4999.0
791,1,37691,,OXX,,XXX,,,,,3500.0,4249.0
791,2,37691,,OO%,,O%X,,,,,4750.0,4999.0
791,3,37691,,OO%,,OXX,,,,,4750.0,4999.0
791,4,37691,,OXX,,O%X,,,,,3500.0,4249.0
791,5,37691,,OOO,,OO%,,,,5000.0,5000.0,5000.0
795,1,43943,,OO%,,OOO,,,,,4750.0,4999.0
795,2,43943,,OXX,,OXX,,,,,3500.0,4249.0
795,3,43943,,OO%,,OOX,,,,,4750.0,4999.0
795,4,43943,,OOO,,OOX,,,,5000.0,5000.0,5000.0
795,5,43943,,OO%,,O%X,,,,,4750.0,4999.0
796,1,39153,,OOX,,XXX,,,,,4500.0,4749.0
796,2,39153,,OO%,,OOX,,,,,4750.0,4999.0
796,3,39153,,OO%,,OOX,,,,,4750.0,4999.0
796,4,39153,,OXX,,OXX,,,,,3500.0,4249.0
796,5,39153,,OO%,,OO%,,,,,4750.0,4999.0
797,1,40072,,OXX,,OXX,,,,,3500.0,4249.0
797,2,40072,,OO%,,%XX,,,,,4750.0,4999.0
797,3,40072,,OO%,,OOO,,,,,4750.0,4999.0
797,4,40072,,OO%,,O%X,,,,,4750.0,4999.0
797,5,40072,,OO%,,OOX,,,,,4750.0,4999.0
798,1,39232,,OOO,,OOO,,,,5000.0,5000.0,5000.0
798,2,39232,,OO%,,O%X,,,,,4750.0,4999.0
798,3,39232,,OO%,,OXX,,,,,4750.0,4999.0
798,4,39232,,OO%,,%XX,,,,,4750.0,4999.0
798,5,39232,,OO%,,OXX,,,,,4750.0,4999.0
799,1,44307,,OO%,,OXX,,,,,4750.0,4999.0
799,2,44307,,OXX,,OO%,,,,,3500.0,4249.0
799,3,44307,,OO%,,OO%,,,,,4750.0,4999.0
799,4,44307,,OO%,,O%X,,,,,4750.0,4999.0
799,5,44307,,OO%,,OO%,,,,,4750.0,4999.0
802,1,48360,,OOO,,OO%,,,,5000.0,5000.0,5000.0
802,2,48360,,OO%,,OOO,,,,,4750.0,4999.0
802,3,48360,,OO%,,OO%,,,,,4750.0,4999.0
802,4,48360,,OO%,,OO%,,,,,4750.0,4999.0
802,5,48360,,OO%,,O%X,,,,,4750.0,4999.0
803,1,47202,,OOX,,OOX,,,,,4500.0,4749.0
803,2,47202,,OO%,,OOO,,,,,4750.0,4999.0
803,3,47202,,OO%,,OO%,,,,,4750.0,4999.0
803,4,47202,,OO%,,OO%,,,,,4750.0,4999.0
803,5,47202,,OO%,,O%X,,,,,4750.0,4999.0
804,1,40484,,OXX,,OO%,,,,,3500.0,4249.0
804,2,40484,,OO%,,OOO,,,,,4750.0,4999.0
804,3,40484,,OO%,,XXX,,,,,4750.0,4999.0
804,4,40484,,OOO,,OXX,,,,5000.0,5000.0,5000.0
804,5,40484,,OOX,,OOO,,,,,4500.0,4749.0
805,1,31547,,O%X,,OXX,,,,,4250.0,4499.0
805,2,31547,,OO%,,O%X,,,,,4750.0,4999.0
805,3,31547,,OO%,,OXX,,,,,4750.0,4999.0
805,4,31547,,OO%,,%XX,,,,,4750.0,4999.0
805,5,31547,,XXX,,O%X,,,,,12.0,2499.0
806,1,45451,,OO%,,OOX,,,,,4750.0,4999.0
806,2,45451,,OO%,,OO%,,,,,4750.0,4999.0
806,3,45451,,OO%,,OXX,,,,,4750.0,4999.0
806,4,45451,,OO%,,OO%,,,,,4750.0,4999.0
806,5,45451,,OO%,,OOX,,,,,4750.0,4999.0
809,1,40676,9840.0,nan,15000.0,nan,0.0,,,4840.0,4840.0,4840.0
809,2,40676,6874.0,nan,6400.0,nan,15.0,,,4874.4,4874.4,4874.4
809,3,40676,9189.0,nan,260600.00000000003,nan,1.0,,,4239.4,4239.4,4239.4
809,4,40676,9817.0,nan,8200.0,nan,1.0,,,4867.2,4867.2,4867.2
809,5,40676,4956.0,nan,1500.0,nan,38.0,,,4956.0,4956.0,4956.0
810,1,33625,,OO%,,OOO,,,,,4750.0,4999.0
810,2,33625,,O%X,,OXX,,,,,4250.0,4499.0
810,3,33625,,OO%,,XXX,,,,,4750.0,4999.0
810,4,33625,,XXX,,OOO,,,,,12.0,2499.0
810,5,33625,,XXX,,OO%,,,,,12.0,2499.0
811,1,45178,,OO%,,OOX,,,,,4750.0,4999.0
811,2,45178,,OO%,,OO%,,,,,4750.0,4999.0
811,3,45178,,OO%,,OXX,,,,,4750.0,4999.0
811,4,45178,,OXX,,OOX,,,,,3500.0,4249.0
811,5,45178,,OOO,,OO%,,,,5000.0,5000.0,5000.0
817,1,40396,,OO%,,OO%,,,,,4750.0,4999.0
817,2,40396,,OXX,,XXX,,,,,3500.0,4249.0
817,3,40396,,OO%,,OOO,,,,,4750.0,4999.0
817,4,40396,,O%X,,O%X,,,,,4250.0,4499.0
817,5,40396,,OOO,,O%X,,,,5000.0,5000.0,5000.0
818,1,45153,,OO%,,OOO,,,,,4750.0,4999.0
818,2,45153,,OO%,,O%X,,,,,4750.0,4999.0
818,3,45153,,OO%,,OOX,,,,,4750.0,4999.0
818,4,45153,,OXX,,OOX,,,,,3500.0,4249.0
818,5,45153,,O%X,,O%X,,,,,4250.0,4499.0
819,1,34499,,O%X,,OXX,,,,,4250.0,4499.0
819,2,34499,,OO%,,OO%,,,,,4750.0,4999.0
819,3,34499,,OO%,,OO%,,,,,4750.0,4999.0
819,4,34499,,XXX,,OXX,,,,,12.0,2499.0
819,5,34499,,OXX,,XXX,,,,,3500.0,4249.0
820,1,41071,,OO%,,OOO,,,,,4750.0,4999.0
820,2,41071,,OO%,,OO%,,,,,4750.0,4999.0
820,3,41071,,OO%,,OXX,,,,,4750.0,4999.0
820,4,41071,,O%X,,OXX,,,,,4250.0,4499.0
820,5,41071,,OOO,,OXX,,,,5000.0,5000.0,5000.0
825,1,42099,,OO%,,O%X,,,,,4750.0,4999.0
825,2,42099,,OXX,,O%X,,,,,3500.0,4249.0
825,3,42099,,OO%,,OO%,,,,,4750.0,4999.0
825,4,42099,,OO%,,OXX,,,,,4750.0,4999.0
825,5,42099,,OO%,,O%X,,,,,4750.0,4999.0
826,1,40807,,OOX,,OO%,,,,,4500.0,4749.0
826,2,40807,,OXX,,O%X,,,,,3500.0,4249.0
826,3,40807,,OO%,,OOX,,,,,4750.0,4999.0
826,4,40807,,OO%,,O%X,,,,,4750.0,4999.0
826,5,40807,,OO%,,%XX,,,,,4750.0,4999.0
827,1,37575,,O%X,,OXX,,,,,4250.0,4499.0
827,2,37575,,OO%,,OOX,,,,,4750.0,4999.0
827,3,37575,,%XX,,OOO,,,,,2500.0,3499.0
827,4,37575,,OO%,,OOX,,,,,4750.0,4999.0
827,5,37575,,OXX,,XXX,,,,,3500.0,4249.0
830,1,42175,,O%X,,OO%,,,,,4250.0,4499.0
830,2,42175,,%XX,,O%X,,,,,2500.0,3499.0
830,3,42175,,OO%,,OXX,,,,,4750.0,4999.0
830,4,42175,,OO%,,OO%,,,,,4750.0,4999.0
830,5,42175,,O%X,,OOO,,,,,4250.0,4499.0
831,1,39206,,OXX,,OO%,,,,,3500.0,4249.0
831,2,39206,,OO%,,OXX,,,,,4750.0,4999.0
831,3,39206,,OO%,,O%X,,,,,4750.0,4999.0
831,4,39206,,XXX,,OO%,,,,,12.0,2499.0
831,5,39206,,OO%,,OOO,,,,,4750.0,4999.0
832,1,36536,,OO%,,OXX,,,,,4750.0,4999.0
832,2,36536,,%XX,,OOO,,,,,2500.0,3499.0
832,3,36536,,OXX,,O%X,,,,,3500.0,4249.0
832,4,36536,,OXX,,OXX,,,,,3500.0,4249.0
832,5,36536,,OOO,,O%X,,,,5000.0,5000.0,5000.0
833,1,43049,,OO%,,OOO,,,,,4750.0,4999.0
833,2,43049,,OO%,,O%X,,,,,4750.0,4999.0
833,3,43049,,OOO,,O%X,,,,5000.0,5000.0,5000.0
833,4,43049,,OO%,,OXX,,,,,4750.0,4999.0
833,5,43049,,OO%,,O%X,,,,,4750.0,4999.0
834,1,35407,,OOO,,OXX,,,,5000.0,5000.0,5000.0
834,2,35407,,OO%,,O%X,,,,,4750.0,4999.0
834,3,35407,,OO%,,%XX,,,,,4750.0,4999.0
834,4,35407,,OO%,,OXX,,,,,4750.0,4999.0
834,5,35407,,OOX,,OXX,,,,,4500.0,4749.0
837,1,45488,,OO%,,OO%,,,,,4750.0,4999.0
837,2,45488,,O%X,,OXX,,,,,4250.0,4499.0
837,3,45488,,OO%,,OO%,,,,,4750.0,4999.0
837,4,45488,,O%X,,OOO,,,,,4250.0,4499.0
837,5,45488,,OO%,,OO%,,,,,4750.0,4999.0
838,1,47263,,OO%,,OOO,,,,,4750.0,4999.0
838,2,47263,,OO%,,O%X,,,,,4750.0,4999.0
838,3,47263,,OOO,,OOO,,,,5000.0,5000.0,5000.0
838,4,47263,,OO%,,O%X,,,,,4750.0,4999.0
838,5,47263,,OO%,,OOX,,,,,4750.0,4999.0
839,1,39046,,OO%,,OOO,,,,,4750.0,4999.0
839,2,39046,,O%X,,%XX,,,,,4250.0,4499.0
839,3,39046,,OO%,,OXX,,,,,4750.0,4999.0
839,4,39046,,OXX,,OXX,,,,,3500.0,4249.0
839,5,39046,,OO%,,OOO,,,,,4750.0,4999.0
840,1,43535,,OO%,,OOO,,,,,4750.0,4999.0
840,2,43535,,XXX,,OO%,,,,,12.0,2499.0
840,3,43535,,OO%,,OO%,,,,,4750.0,4999.0
840,4,43535,,OOX,,OOX,,,,,4500.0,4749.0
840,5,43535,,OXX,,O%X,,,,,3500.0,4249.0
841,1,46562,,OO%,,OOO,,,,,4750.0,4999.0
841,2,46562,,OO%,,O%X,,,,,4750.0,4999.0
841,3,46562,,OOO,,O%X,,,,5000.0,5000.0,5000.0
841,4,46562,,OO%,,OO%,,,,,4750.0,4999.0
841,5,46562,,OO%,,OOO,,,,,4750.0,4999.0
844,1,42277,,OO%,,OOO,,,,,4750.0,4999.0
844,2,42277,,XXX,,O%X,,,,,12.0,2499.0
844,3,42277,,OO%,,OOX,,,,,4750.0,4999.0
844,4,42277,,OO%,,OOO,,,,,4750.0,4999.0
844,5,42277,,OO%,,OOX,,,,,4750.0,4999.0
847,1,41217,,OO%,,OXX,,,,,4750.0,4999.0
847,2,41217,,O%X,,OXX,,,,,4250.0,4499.0
847,3,41217,,OXX,,OOX,,,,,3500.0,4249.0
847,4,41217,,OO%,,OOX,,,,,4750.0,4999.0
847,5,41217,,OO%,,OO%,,,,,4750.0,4999.0
854,1,34412,,XXX,,OXX,,,,,12.0,2499.0
854,2,34412,,OO%,,OXX,,,,,4750.0,4999.0
854,3,34412,,OO%,,OXX,,,,,4750.0,4999.0
854,4,34412,,O%X,,OXX,,,,,4250.0,4499.0
854,5,34412,,OOO,,OOX,,,,5000.0,5000.0,5000.0
855,1,43135,,OO%,,OO%,,,,,4750.0,4999.0
855,2,43135,,OO%,,OXX,,,,,4750.0,4999.0
855,3,43135,,OXX,,OOO,,,,,3500.0,4249.0
855,4,43135,,OXX,,O%X,,,,,3500.0,4249.0
855,5,43135,,OO%,,OO%,,,,,4750.0,4999.0
858,1,42348,,OXX,,OOO,,,,,3500.0,4249.0
858,2,42348,,OO%,,XXX,,,,,4750.0,4999.0
858,3,42348,,OO%,,OOO,,,,,4750.0,4999.0
858,4,42348,,OO%,,OO%,,,,,4750.0,4999.0
858,5,42348,,OXX,,OO%,,,,,3500.0,4249.0
859,1,44315,,OOO,,OOO,,,,5000.0,5000.0,5000.0
859,2,44315,,OO%,,OOX,,,,,4750.0,4999.0
859,3,44315,,OXX,,OOO,,,,,3500.0,4249.0
859,4,44315,,OO%,,OXX,,,,,4750.0,4999.0
859,5,44315,,O%X,,OO%,,,,,4250.0,4499.0
860,1,39753,,OO%,,OXX,,,,,4750.0,4999.0
860,2,39753,,XXX,,OOO,,,,,12.0,2499.0
860,3,39753,,OO%,,OO%,,,,,4750.0,4999.0
860,4,39753,,OO%,,OOO,,,,,4750.0,4999.0
860,5,39753,,OOX,,OXX,,,,,4500.0,4749.0
861,1,46643,,OOO,,OOO,,,,5000.0,5000.0,5000.0
861,2,46643,,OO%,,OO%,,,,,4750.0,4999.0
861,3,46643,,OO%,,OO%,,,,,4750.0,4999.0
861,4,46643,,OO%,,OXX,,,,,4750.0,4999.0
861,5,46643,,O%X,,OO%,,,,,4250.0,4499.0
862,1,36512,,OO%,1300.0,O%X,,1977.0,,4959.2,4959.2,4959.2
862,2,36512,,OO%,199.2,O%X,,1920.0,,4996.016,4996.016,4996.016
862,3,36512,,OO%,1400.0,OXX,,1982.0,,4957.6,4957.6,4957.6
862,4,36512,,%XX,1146100.0,XXX,,1968.0,,2926.95,2926.95,2926.95
862,5,36512,,OO%,7200.0,OOO,,2025.0,,4871.2,4871.2,4871.2
865,1,44265,,OOX,39900.0,OXX,,1967.0,,4740.4,4740.4,4740.4
865,2,44265,,OO%,2800.0,OOO,,1926.0,,4935.2,4935.2,4935.2
865,3,44265,,OO%,230.2,OO%,,1982.0,,4995.396,4995.396,4995.396
865,4,44265,,OO%,705.6,O%X,,2023.0,,4985.888,4985.888,4985.888
865,5,44265,,O%X,240800.0,OOO,,1945.0,,4259.2,4259.2,4259.2
866,1,48153,,OO%,1600.0,OOO,,1956.0,,4954.4,4954.4,4954.4
866,2,48153,,OOO,28.1,OOO,,1984.0,,5000.0,5000.0,5000.0
866,3,48153,,OO%,58.1,OO%,,1916.0,,4998.838,4998.838,4998.838
866,4,48153,,OO%,335.9,O%X,,1905.0,,4993.282,4993.282,4993.282
866,5,48153,,OOX,48300.0,OO%,,2014.0,,4706.8,4706.8,4706.8
867,1,38244,,OO%,147.3,OO%,,1936.0,,4997.054,4997.054,4997.054
867,2,38244,,OOO,46.4,OOO,,2008.0,,5000.0,5000.0,5000.0
867,3,38244,,OO%,1100.0,O%X,,1976.0,,4962.4,4962.4,4962.4
867,4,38244,,OO%,470.6,OXX,,1958.0,,4990.588,4990.588,4990.588
867,5,38244,,%XX,1115000.0,XXX,,1998.0,,2942.5,2942.5,2942.5
868,1,40986,,OOX,78900.0,OO%,,1972.0,,4584.4,4584.4,4584.4
868,2,40986,,OXX,298900.0,OXX,,1916.0,,4201.1,4201.1,4201.1
868,3,40986,,OOO,14.5,O%X,,1907.0,,5000.0,5000.0,5000.0
868,4,40986,,OOO,46.0,OXX,,1962.0,,5000.0,5000.0,5000.0
868,5,40986,,OOO,29.4,OOO,,2025.0,,5000.0,5000.0,5000.0
869,1,41478,,OO%,20800.0,XXX,,1968.0,,4816.8,4816.8,4816.8
869,2,41478,,OO%,583.5,OO%,,2004.0,,4988.33,4988.33,4988.33
869,3,41478,,OXX,675600.0,OO%,,1955.0,,3824.4,3824.4,3824.4
869,4,41478,,OXX,573500.0,OOX,,1982.0,,3926.5,3926.5,3926.5
869,5,41478,,OO%,6800.0,OOO,,1941.0,,4872.8,4872.8,4872.8
872,1,42306,,OO%,80.3,OOX,,1962.0,,4998.394,4998.394,4998.394
872,2,42306,,OO%,772.4,OO%,,1913.0,,4984.552,4984.552,4984.552
872,3,42306,,OO%,3100.0,%XX,,2023.0,,4930.4,4930.4,4930.4
872,4,42306,,OOO,12.2,OOO,,2017.0,,5000.0,5000.0,5000.0
872,5,42306,,OO%,409.0,OXX,,1964.0,,4991.82,4991.82,4991.82
873,1,38133,,OOO,21.6,OOO,,1964.0,,5000.0,5000.0,5000.0
873,2,38133,,OO%,1300.0,XXX,,1969.0,,4959.2,4959.2,4959.2
873,3,38133,,OXX,633900.0,O%X,,1998.0,,3866.1,3866.1,3866.1
873,4,38133,,OO%,207.4,OOO,,2014.0,,4995.852,4995.852,4995.852
873,5,38133,,OO%,4200.0,%XX,,1958.0,,4912.8,4912.8,4912.8
874,1,29061,,OXX,341500.0,OXX,,2015.0,,4158.5,4158.5,4158.5
874,2,29061,,OO%,131.7,XXX,,2023.0,,4997.366,4997.366,4997.366
874,3,29061,,OO%,2400.0,OXX,,1965.0,,4941.6,4941.6,4941.6
874,4,29061,,XXX,9363500.0,OOO,,2024.0,,12.0,12.0,12.0
874,5,29061,,OO%,1700.0,XXX,,1948.0,,4952.8,4952.8,4952.8
875,1,41019,,OXX,694700.0,OO%,,1963.0,,3805.3,3805.3,3805.3
875,2,41019,,OO%,350.3,%XX,,2006.0,,4992.994,4992.994,4992.994
875,3,41019,,OO%,5600.0,OXX,,1954.0,,4877.6,4877.6,4877.6
875,4,41019,,OOO,13.8,OOX,,1953.0,,5000.0,5000.0,5000.0
875,5,41019,,OO%,14300.0,OO%,,2016.0,,4842.8,4842.8,4842.8
876,1,38495,,OO%,953.7,OO%,,1994.0,,4980.926,4980.926,4980.926
876,2,38495,,XXX,5242100.0,OXX,,1959.0,,451.5799999999999,451.5799999999999,451.5799999999999
876,3,38495,,O%X,165400.0,OOO,,1978.0,,4334.6,4334.6,4334.6
876,4,38495,,OO%,706.9,O%X,,1965.0,,4985.862,4985.862,4985.862
876,5,38495,,OO%,440.6,O%X,,2002.0,,4991.188,4991.188,4991.188
879,1,39523,,OO%,6200.0,OOO,,1967.0,,4875.2,4875.2,4875.2
879,2,39523,,OO%,2900.0,O%X,,2019.0,,4933.6,4933.6,4933.6
879,3,39523,,OO%,397.0,OOX,,1938.0,,4992.06,4992.06,4992.06
879,4,39523,,OO%,4400.0,O%X,,1905.0,,4909.6,4909.6,4909.6
879,5,39523,,XXX,11112200.0,O%X,,1984.0,,12.0,12.0,12.0
880,1,36235,,OOO,38.1,%XX,,1925.0,,5000.0,5000.0,5000.0
880,2,36235,,OO%,1800.0,O%X,,1955.0,,4951.2,4951.2,4951.2
880,3,36235,,OO%,7800.0,O%X,,2018.0,,4868.8,4868.8,4868.8
880,4,36235,,OO%,132.2,OXX,,1976.0,,4997.356,4997.356,4997.356
880,5,36235,,OXX,883200.0,OXX,,2019.0,,3616.8,3616.8,3616.8
881,1,44332,,OO%,856.8,OOX,,2015.0,,4982.864,4982.864,4982.864
881,2,44332,,OO%,290.1,OO%,,2024.0,,4994.198,4994.198,4994.198
881,3,44332,,OO%,559.3,OO%,,1993.0,,4988.814,4988.814,4988.814
881,4,44332,,OO%,5800.0,OXX,,1998.0,,4876.8,4876.8,4876.8
881,5,44332,,OO%,543.4,OXX,,1958.0,,4989.132,4989.132,4989.132
882,1,38488,,OO%,2400.0,XXX,,1928.0,,4941.6,4941.6,4941.6
882,2,38488,,OO%,5900.0,OO%,,2018.0,,4876.4,4876.4,4876.4
882,3,38488,,OO%,68.4,%XX,,1936.0,,4998.632,4998.632,4998.632
882,4,38488,,OO%,505.5,OOX,,1967.0,,4989.89,4989.89,4989.89
882,5,38488,,O%X,218500.0,OOX,,1924.0,,4281.5,4281.5,4281.5
883,1,46947,,OO%,518.0,OO%,,1936.0,,4989.64,4989.64,4989.64
883,2,46947,,OO%,24100.0,OO%,,2023.0,,4803.6,4803.6,4803.6
883,3,46947,,OXX,382300.0,OOO,,1945.0,,4117.7,4117.7,4117.7
883,4,46947,,OO%,481.3,OO%,,1973.0,,4990.374,4990.374,4990.374
883,5,46947,,OO%,2200.0,O%X,,1965.0,,4944.8,4944.8,4944.8
886,1,41639,,OO%,190.7,OOO,,1990.0,,4996.186,4996.186,4996.186
886,2,41639,,OO%,8500.0,%XX,,1935.0,,4866.0,4866.0,4866.0
886,3,41639,,OO%,2200.0,OXX,,1918.0,,4944.8,4944.8,4944.8
886,4,41639,,OO%,873.9,O%X,,1988.0,,4982.522,4982.522,4982.522
886,5,41639,,OOO,6.0,OO%,,1919.0,,5000.0,5000.0,5000.0
887,1,45238,,OO%,456.0,OOO,,2020.0,,4990.88,4990.88,4990.88
887,2,45238,,OO%,1000.0,O%X,,1990.0,,4980.0,4980.0,4980.0
887,3,45238,,OO%,2500.0,OOO,,1957.0,,4940.0,4940.0,4940.0
887,4,45238,,OO%,1500.0,OOO,,1966.0,,4956.0,4956.0,4956.0
887,5,45238,,OO%,607.1,OXX,,1950.0,,4987.858,4987.858,4987.858
888,1,39125,,OOO,8.7,OOO,,2025.0,,5000.0,5000.0,5000.0
888,2,39125,,OO%,219.1,XXX,,1918.0,,4995.618,4995.618,4995.618
888,3,39125,,OO%,213.5,O%X,,1983.0,,4995.73,4995.73,4995.73
888,4,39125,,OO%,2400.0,%XX,,1982.0,,4941.6,4941.6,4941.6
888,5,39125,,OO%,445.0,OO%,,2018.0,,4991.1,4991.1,4991.1
889,1,43258,,OO%,2000.0,OOO,,2016.0,,4948.0,4948.0,4948.0
889,2,43258,,OO%,175.2,OXX,,1903.0,,4996.496,4996.496,4996.496
889,3,43258,,OOX,53400.0,OXX,,1923.0,,4686.4,4686.4,4686.4
889,4,43258,,OO%,3000.0,O%X,,1990.0,,4932.0,4932.0,4932.0
889,5,43258,,OO%,145.6,OO%,,1962.0,,4997.088,4997.088,4997.088
890,1,41222,,OO%,7700.0,OOX,,1973.0,,4869.2,4869.2,4869.2
890,2,41222,,OO%,316.2,OO%,,1924.0,,4993.676,4993.676,4993.676
890,3,41222,,OO%,932.6,OXX,,2018.0,,4981.348,4981.348,4981.348
890,4,41222,,O%X,176700.0,OXX,,1925.0,,4323.3,4323.3,4323.3
890,5,41222,,OO%,4700.0,O%X,,1923.0,,4904.8,4904.8,4904.8
900,1,46724,,OO%,595.7,OOX,,2025.0,,4988.086,4988.086,4988.086
900,2,46724,,OO%,591.8,OOO,,1995.0,,4988.164,4988.164,4988.164
900,3,46724,,OO%,2000.0,OXX,,1919.0,,4948.0,4948.0,4948.0
900,4,46724,,OO%,2200.0,OO%,,1988.0,,4944.8,4944.8,4944.8
900,5,46724,,OO%,23700.0,OOO,,1911.0,,4805.2,4805.2,4805.2
901,1,45513,,OO%,405.0,OO%,,1940.0,,4991.9,4991.9,4991.9
901,2,45513,,OOO,12.3,OOX,,2012.0,,5000.0,5000.0,5000.0
901,3,45513,,OO%,12100.0,OOO,,1960.0,,4851.6,4851.6,4851.6
901,4,45513,,OOO,17.3,OOX,,1988.0,,5000.0,5000.0,5000.0
901,5,45513,,OO%,20100.0,OXX,,1960.0,,4819.6,4819.6,4819.6
902,1,45836,,OXX,269100.0,OOO,,1944.0,,4230.9,4230.9,4230.9
902,2,45836,,OOO,11.0,OO%,,2014.0,,5000.0,5000.0,5000.0
902,3,45836,,OOO,24.9,OO%,,1970.0,,5000.0,5000.0,5000.0
902,4,45836,,OXX,895100.0,O%X,,1964.0,,3604.9,3604.9,3604.9
902,5,45836,,OOO,1.2,OOO,,1962.0,,5000.0,5000.0,5000.0
903,1,40914,,OO%,904.1,OXX,,1931.0,,4981.918,4981.918,4981.918
903,2,40914,,OXX,491500.0,OOX,,1978.0,,4008.5,4008.5,4008.5
903,3,40914,,OO%,716.2,OXX,,2010.0,,4985.676,4985.676,4985.676
903,4,40914,,OO%,1900.0,OO%,,1966.0,,4949.6,4949.6,4949.6
903,5,40914,,%XX,1125500.0,OOO,,1972.0,,2937.25,2937.25,2937.25
904,1,46275,,OO%,1900.0,OO%,,1992.0,,4949.6,4949.6,4949.6
904,2,46275,,OO%,547.0,OXX,,1960.0,,4989.06,4989.06,4989.06
904,3,46275,,OO%,61.8,OOX,,1906.0,,4998.764,4998.764,4998.764
904,4,46275,,OOO,7.5,OOO,,2025.0,,5000.0,5000.0,5000.0
904,5,46275,,OO%,586.4,OOX,,1919.0,,4988.272,4988.272,4988.272
907,1,43960,,OO%,2400.0,OOX,,1996.0,,4941.6,4941.6,4941.6
907,2,43960,,OXX,389800.0,OOX,,1968.0,,4110.2,4110.2,4110.2
907,3,43960,,OO%,1000.0,OOO,,1987.0,,4980.0,4980.0,4980.0
907,4,43960,,O%X,133300.0,O%X,,1913.0,,4366.7,4366.7,4366.7
907,5,43960,,OO%,5700.0,O%X,,2009.0,,4877.2,4877.2,4877.2
908,1,34659,,OO%,2100.0,OOO,,2025.0,,4946.4,4946.4,4946.4
908,2,34659,,OO%,3000.0,XXX,,1956.0,,4932.0,4932.0,4932.0
908,3,34659,,OOO,12.6,XXX,,1934.0,,5000.0,5000.0,5000.0
908,4,34659,,OO%,923.3,XXX,,1982.0,,4981.534,4981.534,4981.534
908,5,34659,,OOO,1.7,OO%,,2011.0,,5000.0,5000.0,5000.0
909,1,48352,,OO%,54.4,OOO,,1981.0,,4998.912,4998.912,4998.912
909,2,48352,,OO%,1100.0,OO%,,1905.0,,4962.4,4962.4,4962.4
909,3,48352,,OO%,93.1,OO%,,2009.0,,4998.138,4998.138,4998.138
909,4,48352,,O%X,154100.0,OOX,,1959.0,,4345.9,4345.9,4345.9
909,5,48352,,OO%,168.5,OOO,,1972.0,,4996.63,4996.63,4996.63
914,1,40699,,OXX,580000.0,OXX,,1978.0,,3920.0,3920.0,3920.0
914,2,40699,,OO%,3900.0,OO%,,2020.0,,4917.6,4917.6,4917.6
914,3,40699,,%XX,1186700.0,OO%,,1961.0,,2906.65,2906.65,2906.65
914,4,40699,,OO%,9000.0,O%X,,1980.0,,4864.0,4864.0,4864.0
914,5,40699,,OXX,359700.0,OOX,,1994.0,,4140.3,4140.3,4140.3
915,1,41446,,OO%,747.4,O%X,,1960.0,,4985.052,4985.052,4985.052
915,2,41446,,OO%,4000.0,OO%,,2020.0,,4916.0,4916.0,4916.0
915,3,41446,,OOO,30.6,%XX,,1960.0,,5000.0,5000.0,5000.0
915,4,41446,,OO%,316.0,OXX,,1972.0,,4993.68,4993.68,4993.68
915,5,41446,,OO%,5000.0,OO%,,1991.0,,4900.0,4900.0,4900.0
916,1,44326,,OO%,1200.0,O%X,,1952.0,,4960.8,4960.8,4960.8
916,2,44326,,OO%,4200.0,O%X,,1990.0,,4912.8,4912.8,4912.8
916,3,44326,,OO%,21300.0,OOX,,1927.0,,4814.8,4814.8,4814.8
916,4,44326,,OXX,632900.0,OOO,,1974.0,,3867.1,3867.1,3867.1
916,5,44326,,OO%,7300.0,OOX,,1995.0,,4870.8,4870.8,4870.8
917,1,46219,,OO%,5700.0,OOO,,2008.0,,4877.2,4877.2,4877.2
917,2,46219,,OO%,1800.0,OOO,,1945.0,,4951.2,4951.2,4951.2
917,3,46219,,OO%,182.2,OO%,,1960.0,,4996.356,4996.356,4996.356
917,4,46219,,OXX,699200.0,O%X,,1967.0,,3800.8,3800.8,3800.8
917,5,46219,,OO%,2300.0,OOX,,1996.0,,4943.2,4943.2,4943.2
918,1,43751,,OXX,326400.0,OOX,,1968.0,,4173.6,4173.6,4173.6
918,2,43751,,OO%,1100.0,OOO,,1999.0,,4962.4,4962.4,4962.4
918,3,43751,,OO%,159.7,OOO,,1908.0,,4996.806,4996.806,4996.806
918,4,43751,,OO%,155.0,OXX,,1973.0,,4996.9,4996.9,4996.9
918,5,43751,,OO%,3700.0,O%X,,2019.0,,4920.8,4920.8,4920.8
921,1,41245,,OO%,5700.0,OOX,,1963.0,,4877.2,4877.2,4877.2
921,2,41245,,OO%,5400.0,OXX,,1926.0,,4878.4,4878.4,4878.4
921,3,41245,,%XX,1139900.0,OOO,,2015.0,,2930.05,2930.05,2930.05
921,4,41245,,OO%,1100.0,O%X,,1903.0,,4962.4,4962.4,4962.4
921,5,41245,,OO%,149.4,O%X,,1958.0,,4997.012,4997.012,4997.012
922,1,41867,,OO%,140.1,O%X,,1973.0,,4997.198,4997.198,4997.198
922,2,41867,,O%X,215100.0,OOX,,2019.0,,4284.9,4284.9,4284.9
922,3,41867,,OO%,351.5,OOO,,1996.0,,4992.97,4992.97,4992.97
922,4,41867,,OO%,383.4,O%X,,1937.0,,4992.332,4992.332,4992.332
922,5,41867,,OOO,6.3,%XX,,1968.0,,5000.0,5000.0,5000.0
923,1,40524,,OO%,878.9,OOX,,1968.0,,4982.422,4982.422,4982.422
923,2,40524,,OO%,805.6,OXX,,1958.0,,4983.888,4983.888,4983.888
923,3,40524,,OO%,99.8,OO%,,2025.0,,4998.004,4998.004,4998.004
923,4,40524,,OOX,74500.0,OXX,,1983.0,,4602.0,4602.0,4602.0
923,5,40524,,XXX,2226000.0,OO%,,1953.0,,1758.0742,1758.0742,1758.0742
924,1,45132,,OO%,270.0,OO%,,1932.0,,4994.6,4994.6,4994.6
924,2,45132,,OO%,1200.0,OOX,,1977.0,,4960.8,4960.8,4960.8
924,3,45132,,OO%,16800.0,OOO,,2025.0,,4832.8,4832.8,4832.8
924,4,45132,,OO%,1300.0,OXX,,1964.0,,4959.2,4959.2,4959.2
924,5,45132,,OXX,664100.0,OO%,,1908.0,,3835.9,3835.9,3835.9
925,1,43840,,OOX,79100.0,OOX,,2019.0,,4583.6,4583.6,4583.6
925,2,43840,,%XX,1152300.0,OO%,,2009.0,,2923.85,2923.85,2923.85
925,3,43840,,OO%,5100.0,OOO,,2025.0,,4879.6,4879.6,4879.6
925,4,43840,,OXX,324500.0,O%X,,1980.0,,4175.5,4175.5,4175.5
925,5,43840,,OOX,55900.0,OOX,,1953.0,,4676.4,4676.4,4676.4
928,1,35472,,OXX,416900.0,XXX,,1987.0,,4083.1,4083.1,4083.1
928,2,35472,,OO%,6100.0,O%X,,1969.0,,4875.6,4875.6,4875.6
928,3,35472,,O%X,111700.0,OOX,,2005.0,,4388.3,4388.3,4388.3
928,4,35472,,OO%,3300.0,OXX,,1987.0,,4927.2,4927.2,4927.2
928,5,35472,,OO%,90.6,OXX,,1972.0,,4998.188,4998.188,4998.188
929,1,37181,,OO%,58.4,OOO,,2014.0,,4998.832,4998.832,4998.832
929,2,37181,,XXX,2117700.0,OXX,,1963.0,,1794.17059,1794.17059,1794.17059
929,3,37181,,OXX,404700.0,OXX,,1952.0,,4095.3,4095.3,4095.3
929,4,37181,,OO%,66.2,OXX,,1973.0,,4998.676,4998.676,4998.676
929,5,37181,,OO%,323.6,OO%,,1956.0,,4993.528,4993.528,4993.528
930,1,45177,,OO%,3500.0,OOO,,2025.0,,4924.0,4924.0,4924.0
930,2,45177,,O%X,102800.0,OXX,,1908.0,,4397.2,4397.2,4397.2
930,3,45177,,OO%,325.0,O%X,,1962.0,,4993.5,4993.5,4993.5
930,4,45177,,OO%,4200.0,OOX,,1980.0,,4912.8,4912.8,4912.8
930,5,45177,,OO%,52.9,OO%,,2016.0,,4998.942,4998.942,4998.942
931,1,39962,,OOX,90500.0,OO%,,2025.0,,4538.0,4538.0,4538.0
931,2,39962,,OO%,8700.0,OXX,,1934.0,,4865.2,4865.2,4865.2
931,3,39962,,OXX,391000.0,OXX,,1956.0,,4109.0,4109.0,4109.0
931,4,39962,,OOO,46.8,OOO,,1955.0,,5000.0,5000.0,5000.0
931,5,39962,,OOO,7.5,OXX,,1970.0,,5000.0,5000.0,5000.0
932,1,43517,,O%X,213000.0,OXX,,1964.0,,4287.0,4287.0,4287.0
932,2,43517,,OOO,11.4,OOO,,2023.0,,5000.0,5000.0,5000.0
932,3,43517,,OOO,10.9,OOX,,1980.0,,5000.0,5000.0,5000.0
932,4,43517,,OO%,3100.0,OXX,,1969.0,,4930.4,4930.4,4930.4
932,5,43517,,OOO,4.3,OOO,,2025.0,,5000.0,5000.0,5000.0
935,1,42701,,OOX,57900.0,O%X,,2018.0,,4668.4,4668.4,4668.4
935,2,42701,,OOO,7.6,%XX,,1959.0,,5000.0,5000.0,5000.0
935,3,42701,,OO%,127.8,OO%,,1953.0,,4997.444,4997.444,4997.444
935,4,42701,,OO%,575.8,O%X,,1970.0,,4988.484,4988.484,4988.484
935,5,42701,,OO%,108.7,OO%,,2012.0,,4997.826,4997.826,4997.826
936,1,46171,,OOX,55800.0,O%X,,2019.0,,4676.8,4676.8,4676.8
936,2,46171,,OXX,315300.0,OOO,,1962.0,,4184.7,4184.7,4184.7
936,3,46171,,OOO,42.5,OOX,,1975.0,,5000.0,5000.0,5000.0
936,4,46171,,OO%,392.3,OOO,,1904.0,,4992.154,4992.154,4992.154
936,5,46171,,OOX,95800.0,OOX,,1994.0,,4516.8,4516.8,4516.8
937,1,41127,,OO%,10100.0,O%X,,1955.0,,4859.6,4859.6,4859.6
937,2,41127,,OOO,2.0,OOO,,2025.0,,5000.0,5000.0,5000.0
937,3,41127,,OO%,59.1,OXX,,2018.0,,4998.818,4998.818,4998.818
937,4,41127,,OXX,430900.0,OOX,,1975.0,,4069.1,4069.1,4069.1
937,5,41127,,OO%,58.6,OXX,,1956.0,,4998.828,4998.828,4998.828
939,1,38753,,OO%,5300.0,OOO,,2015.0,,4878.8,4878.8,4878.8
939,2,38753,,%XX,1029300.0,XXX,,1918.0,,2985.35,2985.35,2985.35
939,3,38753,,O%X,242800.0,OOO,,1942.0,,4257.2,4257.2,4257.2
939,4,38753,,OO%,1100.0,O%X,,1936.0,,4962.4,4962.4,4962.4
939,5,38753,,OO%,7700.0,O%X,,2018.0,,4869.2,4869.2,4869.2
942,1,37547,,%XX,1538600.0,OOO,,2025.0,,2730.7,2730.7,2730.7
942,2,37547,,OXX,360100.0,XXX,,1973.0,,4139.9,4139.9,4139.9
942,3,37547,,OO%,1500.0,O%X,,1924.0,,4956.0,4956.0,4956.0
942,4,37547,,OOO,42.3,OO%,,2019.0,,5000.0,5000.0,5000.0
942,5,37547,,OO%,7600.0,OXX,,1955.0,,4869.6,4869.6,4869.6
943,1,42930,,OO%,569.3,OO%,,1965.0,,4988.614,4988.614,4988.614
943,2,42930,,OO%,2500.0,OOO,,1985.0,,4940.0,4940.0,4940.0
943,3,42930,,OXX,555500.0,OXX,,1949.0,,3944.5,3944.5,3944.5
943,4,42930,,OO%,1100.0,OOX,,1957.0,,4962.4,4962.4,4962.4
943,5,42930,,OO%,347.0,OXX,,1976.0,,4993.06,4993.06,4993.06
944,1,44144,,OOO,13.4,OOO,,2000.0,,5000.0,5000.0,5000.0
944,2,44144,,OO%,1800.0,OXX,,1980.0,,4951.2,4951.2,4951.2
944,3,44144,,OXX,474400.0,OOX,,1989.0,,4025.6,4025.6,4025.6
944,4,44144,,O%X,181100.0,OOX,,2002.0,,4318.9,4318.9,4318.9
944,5,44144,,OO%,101.3,OO%,,1970.0,,4997.974,4997.974,4997.974
949,1,48188,,OOO,21.3,OOX,,1964.0,,5000.0,5000.0,5000.0
949,2,48188,,OOO,8.9,OO%,,1986.0,,5000.0,5000.0,5000.0
949,3,48188,,OO%,2100.0,OOO,,1992.0,,4946.4,4946.4,4946.4
949,4,48188,,OO%,32600.0,OOX,,2014.0,,4769.6,4769.6,4769.6
949,5,48188,,OO%,3600.0,OOO,,1969.0,,4922.4,4922.4,4922.4
950,1,42527,,OOO,5.9,OOO,,2017.0,,5000.0,5000.0,5000.0
950,2,42527,,OO%,85.0,OO%,,2023.0,,4998.3,4998.3,4998.3
950,3,42527,,OO%,1500.0,O%X,,1932.0,,4956.0,4956.0,4956.0
950,4,42527,,OO%,3200.0,OXX,,1963.0,,4928.8,4928.8,4928.8
950,5,42527,,OO%,2300.0,OXX,,1960.0,,4943.2,4943.2,4943.2
951,1,40327,,OO%,930.1,OXX,,1953.0,,4981.398,4981.398,4981.398
951,2,40327,,OO%,924.5,OOO,,2015.0,,4981.51,4981.51,4981.51
951,3,40327,,OOO,13.0,%XX,,1956.0,,5000.0,5000.0,5000.0
951,4,40327,,OXX,483400.0,O%X,,1974.0,,4016.6,4016.6,4016.6
951,5,40327,,OO%,2100.0,OOO,,2025.0,,4946.4,4946.4,4946.4
952,1,48749,,OO%,705.8,OOX,,1969.0,,4985.884,4985.884,4985.884
952,2,48749,,O%X,110500.0,OO%,,1919.0,,4389.5,4389.5,4389.5
952,3,48749,,OOO,34.7,OOO,,2009.0,,5000.0,5000.0,5000.0
952,4,48749,,OO%,5800.0,OO%,,1997.0,,4876.8,4876.8,4876.8
952,5,48749,,OO%,171.6,OOO,,1988.0,,4996.568,4996.568,4996.568
953,1,35075,,OOO,11.8,OOO,,1995.0,,5000.0,5000.0,5000.0
953,2,35075,,OO%,2600.0,OOX,,1940.0,,4938.4,4938.4,4938.4
953,3,35075,,OO%,2400.0,%XX,,1953.0,,4941.6,4941.6,4941.6
953,4,35075,,OXX,530000.0,%XX,,2024.0,,3970.0,3970.0,3970.0
953,5,35075,,OO%,3500.0,XXX,,1926.0,,4924.0,4924.0,4924.0
956,1,37740,,OOX,87900.0,OO%,,2019.0,,4548.4,4548.4,4548.4
956,2,37740,,O%X,183800.0,OO%,,1978.0,,4316.2,4316.2,4316.2
956,3,37740,,OOX,61400.0,OXX,,1933.0,,4654.4,4654.4,4654.4
956,4,37740,,OO%,942.8,XXX,,1987.0,,4981.144,4981.144,4981.144
956,5,37740,,OO%,496.8,OXX,,2026.0,,4990.064,4990.064,4990.064
957,1,42979,,OO%,1600.0,OOX,,1962.0,,4954.4,4954.4,4954.4
957,2,42979,,OO%,1300.0,OOX,,1965.0,,4959.2,4959.2,4959.2
957,3,42979,,OO%,409.6,OO%,,2010.0,,4991.808,4991.808,4991.808
957,4,42979,,OO%,2800.0,XXX,,1973.0,,4935.2,4935.2,4935.2
957,5,42979,,OO%,626.4,OOX,,1907.0,,4987.472,4987.472,4987.472
958,1,45113,,OOO,35.9,O%X,,1982.0,,5000.0,5000.0,5000.0
958,2,45113,,OOX,73000.0,OO%,,1979.0,,4608.0,4608.0,4608.0
958,3,45113,,OXX,538700.0,O%X,,1964.0,,3961.3,3961.3,3961.3
958,4,45113,,OOX,47400.0,OO%,,2020.0,,4710.4,4710.4,4710.4
958,5,45113,,OO%,775.1,OO%,,1993.0,,4984.498,4984.498,4984.498
959,1,40394,,OXX,601900.0,OOX,,1959.0,,3898.1,3898.1,3898.1
959,2,40394,,OO%,440.6,%XX,,1944.0,,4991.188,4991.188,4991.188
959,3,40394,,OOO,48.4,OO%,,2021.0,,5000.0,5000.0,5000.0
959,4,40394,,OO%,78.1,OOO,,1958.0,,4998.438,4998.438,4998.438
959,5,40394,,OO%,1400.0,%XX,,1932.0,,4957.6,4957.6,4957.6
960,1,47054,,OO%,530.5,OOO,,1978.0,,4989.39,4989.39,4989.39
960,2,47054,,OO%,2100.0,OOO,,1970.0,,4946.4,4946.4,4946.4
960,3,47054,,OOO,35.0,OO%,,2023.0,,5000.0,5000.0,5000.0
960,4,47054,,OOO,15.6,O%X,,1909.0,,5000.0,5000.0,5000.0
960,5,47054,,OO%,7700.0,O%X,,1962.0,,4869.2,4869.2,4869.2
964,1,46967,,OOO,25.8,OOO,,1988.0,,5000.0,5000.0,5000.0
964,2,46967,,OO%,294.4,OO%,,1961.0,,4994.112,4994.112,4994.112
964,3,46967,,OOX,90800.0,OOX,,1970.0,,4536.8,4536.8,4536.8
964,4,46967,,OOO,2.4,OOO,,1942.0,,5000.0,5000.0,5000.0
964,5,46967,,OXX,513500.0,O%X,,2019.0,,3986.5,3986.5,3986.5
965,1,48790,,OO%,1600.0,OOO,,2021.0,,4954.4,4954.4,4954.4
965,2,48790,,OO%,1500.0,OOX,,1950.0,,4956.0,4956.0,4956.0
965,3,48790,,OO%,105.0,OOO,,1973.0,,4997.9,4997.9,4997.9
965,4,48790,,OO%,839.6,OOO,,2010.0,,4983.208,4983.208,4983.208
965,5,48790,,OOO,11.9,OOX,,1925.0,,5000.0,5000.0,5000.0
966,1,44032,,OO%,4800.0,OO%,,2016.0,,4903.2,4903.2,4903.2
966,2,44032,,OOO,9.7,OXX,,1970.0,,5000.0,5000.0,5000.0
966,3,44032,,OO%,4300.0,O%X,,1968.0,,4911.2,4911.2,4911.2
966,4,44032,,O%X,148000.0,OOO,,1990.0,,4352.0,4352.0,4352.0
966,5,44032,,OXX,483000.0,OOO,,1939.0,,4017.0,4017.0,4017.0
