Date,Timeguessr Day,Timeguessr Round,City,Subdivision,Country,Year,Michael Total Score,Michael Round Score,Michael Geography,Michael Geography Distance,Michael Time,Michael Time Distance,Michael Time Guessed,Michael Time Score,Michael Geography Score,Michael Geography Score (Min),Michael Geography Score (Max),Sarah Total Score,Sarah Round Score,Sarah Geography,Sarah Geography Distance,Sarah Time,Sarah Time Distance,Sarah Time Guessed,Sarah Time Score,Sarah Geography Score,Sarah Geography Score (Min),Sarah Geography Score (Max),Michael Time Score (Min),Michael Time Score (Max),Sarah Time Score (Min),Sarah Time Score (Max)
2025-03-20,658,1,,,,,40428.0,,OO%,,OXX,,,,,4750.0,4999.0,,,,,,,,,,,,2000.0,2500.0,,
2025-03-20,658,2,,,,,40428.0,,OO%,,OOO,,,5000.0,,4750.0,4999.0,,,,,,,,,,,,5000.0,5000.0,,
2025-03-20,658,3,,,,,40428.0,,OXX,,OO%,,,,,3500.0,4249.0,,,,,,,,,,,,4800.0,4950.0,,
2025-03-20,658,4,,,,,40428.0,,OO%,,OO%,,,,,4750.0,4999.0,,,,,,,,,,,,4800.0,4950.0,,
2025-03-20,658,5,,,,,40428.0,,OO%,,XXX,,,0.0,,4750.0,4999.0,,,,,,,,,,,,0.0,0.0,,
2025-03-21,659,1,,,,,33166.0,,O%X,,XXX,,,0.0,,4250.0,4499.0,31697.0,,OO%,,OXX,,,,,4750.0,4999.0,0.0,0.0,2000.0,2500.0
2025-03-21,659,2,,,,,33166.0,,XXX,,O%X,,,,,12.0,2499.0,31697.0,,OO%,,XXX,,,0.0,,4750.0,4999.0,3400.0,3900.0,0.0,0.0
2025-03-21,659,3,,,,,33166.0,,OO%,,OXX,,,,,4750.0,4999.0,31697.0,,OO%,,XXX,,,0.0,,4750.0,4999.0,2000.0,2500.0,0.0,0.0
2025-03-21,659,4,,,,,33166.0,,OXX,,OO%,,,,,3500.0,4249.0,31697.0,,OO%,,OO%,,,,,4750.0,4999.0,4800.0,4950.0,4800.0,4950.0
2025-03-21,659,5,,,,,33166.0,,OO%,,O%X,,,,,4750.0,4999.0,31697.0,,OO%,,XXX,,,0.0,,4750.0,4999.0,3400.0,3900.0,0.0,0.0
2025-03-24,662,1,,,,,37002.0,,OO%,,OXX,,,,,4750.0,4999.0,38656.0,,OO%,,OOX,,,,,4750.0,4999.0,2000.0,2500.0,4300.0,4600.0
2025-03-24,662,2,,,,,37002.0,,OO%,,OO%,,,,,4750.0,4999.0,38656.0,,OO%,,O%X,,,,,4750.0,4999.0,4800.0,4950.0,3400.0,3900.0
2025-03-24,662,3,,,,,37002.0,,OO%,,OXX,,,,,4750.0,4999.0,38656.0,,OXX,,OOO,,,5000.0,,3500.0,4249.0,2000.0,2500.0,5000.0,5000.0
2025-03-24,662,4,,,,,37002.0,,XXX,,O%X,,,,,12.0,2499.0,38656.0,,OXX,,OXX,,,,,3500.0,4249.0,3400.0,3900.0,2000.0,2500.0
2025-03-24,662,5,,,,,37002.0,,OXX,,O%X,,,,,3500.0,4249.0,38656.0,,OXX,,%XX,,,1000.0,,3500.0,4249.0,3400.0,3900.0,1000.0,1000.0
2025-03-25,663,1,,,,,37725.0,,OO%,,OO%,,,,,4750.0,4999.0,28060.0,,OOO,,OO%,,,,5000.0,5000.0,5000.0,4800.0,4950.0,4800.0,4950.0
2025-03-25,663,2,,,,,37725.0,,%XX,,OO%,,,,,2500.0,3499.0,28060.0,,XXX,,OOX,,,,,12.0,2499.0,4800.0,4950.0,4300.0,4600.0
2025-03-25,663,3,,,,,37725.0,,XXX,,OXX,,,,,12.0,2499.0,28060.0,,OOO,,OXX,,,,5000.0,5000.0,5000.0,2000.0,2500.0,2000.0,2500.0
2025-03-25,663,4,,,,,37725.0,,O%X,,OOX,,,,,4250.0,4499.0,28060.0,,XXX,,OXX,,,,,12.0,2499.0,4300.0,4600.0,2000.0,2500.0
2025-03-25,663,5,,,,,37725.0,,OOX,,OOX,,,,,4500.0,4749.0,28060.0,,XXX,,%XX,,,1000.0,,12.0,2499.0,4300.0,4600.0,1000.0,1000.0
2025-03-26,664,1,,,,,45237.0,,OOX,,OOO,,,5000.0,,4500.0,4749.0,36556.0,,OO%,,OXX,,,,,4750.0,4999.0,5000.0,5000.0,2000.0,2500.0
2025-03-26,664,2,,,,,45237.0,,OO%,,OO%,,,,,4750.0,4999.0,36556.0,,OO%,,O%X,,,,,4750.0,4999.0,4800.0,4950.0,3400.0,3900.0
2025-03-26,664,3,,,,,45237.0,,OO%,,O%X,,,,,4750.0,4999.0,36556.0,,OO%,,OOX,,,,,4750.0,4999.0,3400.0,3900.0,4300.0,4600.0
2025-03-26,664,4,,,,,45237.0,,OXX,,OO%,,,,,3500.0,4249.0,36556.0,,%XX,,XXX,,,0.0,,2500.0,3499.0,4800.0,4950.0,0.0,0.0
2025-03-26,664,5,,,,,45237.0,,OOX,,O%X,,,,,4500.0,4749.0,36556.0,,O%X,,OO%,,,,,4250.0,4499.0,3400.0,3900.0,4800.0,4950.0
2025-03-28,666,1,,,,,41848.0,,OO%,,OOO,,,5000.0,,4750.0,4999.0,35956.0,,O%X,,OOX,,,,,4250.0,4499.0,5000.0,5000.0,4300.0,4600.0
2025-03-28,666,2,,,,,41848.0,,XXX,,OOO,,,5000.0,,12.0,2499.0,35956.0,,XXX,,OOO,,,5000.0,,12.0,2499.0,5000.0,5000.0,5000.0,5000.0
2025-03-28,666,3,,,,,41848.0,,OO%,,OO%,,,,,4750.0,4999.0,35956.0,,OO%,,O%X,,,,,4750.0,4999.0,4800.0,4950.0,3400.0,3900.0
2025-03-28,666,4,,,,,41848.0,,O%X,,OOO,,,5000.0,,4250.0,4499.0,35956.0,,O%X,,XXX,,,0.0,,4250.0,4499.0,5000.0,5000.0,0.0,0.0
2025-03-28,666,5,,,,,41848.0,,OO%,,OXX,,,,,4750.0,4999.0,35956.0,,OXX,,OO%,,,,,3500.0,4249.0,2000.0,2500.0,4800.0,4950.0
2025-03-31,669,1,,,,,37264.0,,OO%,,O%X,,,,,4750.0,4999.0,44265.0,,OO%,,OO%,,,,,4750.0,4999.0,3400.0,3900.0,4800.0,4950.0
2025-03-31,669,2,,,,,37264.0,,XXX,,OOO,,,5000.0,,12.0,2499.0,44265.0,,OO%,,OO%,,,,,4750.0,4999.0,5000.0,5000.0,4800.0,4950.0
2025-03-31,669,3,,,,,37264.0,,OXX,,O%X,,,,,3500.0,4249.0,44265.0,,OO%,,OO%,,,,,4750.0,4999.0,3400.0,3900.0,4800.0,4950.0
2025-03-31,669,4,,,,,37264.0,,OO%,,OXX,,,,,4750.0,4999.0,44265.0,,OO%,,O%X,,,,,4750.0,4999.0,2000.0,2500.0,3400.0,3900.0
2025-03-31,669,5,,,,,37264.0,,OO%,,O%X,,,,,4750.0,4999.0,44265.0,,OO%,,%XX,,,1000.0,,4750.0,4999.0,3400.0,3900.0,1000.0,1000.0
2025-04-01,670,1,,,,,42808.0,,OO%,,OOO,,,5000.0,,4750.0,4999.0,27971.0,,XXX,,OOO,,,5000.0,,12.0,2499.0,5000.0,5000.0,5000.0,5000.0
2025-04-01,670,2,,,,,42808.0,,OXX,,OOX,,,,,3500.0,4249.0,27971.0,,OXX,,XXX,,,0.0,,3500.0,4249.0,4300.0,4600.0,0.0,0.0
2025-04-01,670,3,,,,,42808.0,,OXX,,OO%,,,,,3500.0,4249.0,27971.0,,%XX,,OOX,,,,,2500.0,3499.0,4800.0,4950.0,4300.0,4600.0
2025-04-01,670,4,,,,,42808.0,,OO%,,OXX,,,,,4750.0,4999.0,27971.0,,%XX,,XXX,,,0.0,,2500.0,3499.0,2000.0,2500.0,0.0,0.0
2025-04-01,670,5,,,,,42808.0,,OXX,,O%X,,,,,3500.0,4249.0,27971.0,,O%X,,OOX,,,,,4250.0,4499.0,3400.0,3900.0,4300.0,4600.0
2025-04-02,671,1,,,,,41915.0,,OO%,,OOO,,,5000.0,,4750.0,4999.0,44811.0,,OO%,,OOO,,,5000.0,,4750.0,4999.0,5000.0,5000.0,5000.0,5000.0
2025-04-02,671,2,,,,,41915.0,,O%X,,OO%,,,,,4250.0,4499.0,44811.0,,O%X,,OO%,,,,,4250.0,4499.0,4800.0,4950.0,4800.0,4950.0
2025-04-02,671,3,,,,,41915.0,,OO%,,O%X,,,,,4750.0,4999.0,44811.0,,O%X,,OXX,,,,,4250.0,4499.0,3400.0,3900.0,2000.0,2500.0
2025-04-02,671,4,,,,,41915.0,,OO%,,OOX,,,,,4750.0,4999.0,44811.0,,OO%,,OO%,,,,,4750.0,4999.0,4300.0,4600.0,4800.0,4950.0
2025-04-02,671,5,,,,,41915.0,,OXX,,%XX,,,1000.0,,3500.0,4249.0,44811.0,,OXX,,OOO,,,5000.0,,3500.0,4249.0,1000.0,1000.0,5000.0,5000.0
2025-04-03,672,1,,,,,33097.0,,OO%,,O%X,,,,,4750.0,4999.0,34145.0,,OO%,,OOX,,,,,4750.0,4999.0,3400.0,3900.0,4300.0,4600.0
2025-04-03,672,2,,,,,33097.0,,OXX,,OXX,,,,,3500.0,4249.0,34145.0,,OXX,,OXX,,,,,3500.0,4249.0,2000.0,2500.0,2000.0,2500.0
2025-04-03,672,3,,,,,33097.0,,OO%,,OOO,,,5000.0,,4750.0,4999.0,34145.0,,OO%,,OOO,,,5000.0,,4750.0,4999.0,5000.0,5000.0,5000.0,5000.0
2025-04-03,672,4,,,,,33097.0,,%XX,,%XX,,,1000.0,,2500.0,3499.0,34145.0,,%XX,,OXX,,,,,2500.0,3499.0,1000.0,1000.0,2000.0,2500.0
2025-04-03,672,5,,,,,33097.0,,XXX,,O%X,,,,,12.0,2499.0,34145.0,,XXX,,O%X,,,,,12.0,2499.0,3400.0,3900.0,3400.0,3900.0
2025-04-04,673,1,,,,,42393.0,,OO%,,OO%,,,,,4750.0,4999.0,31302.0,,XXX,,OOX,,,,,12.0,2499.0,4800.0,4950.0,4300.0,4600.0
2025-04-04,673,2,,,,,42393.0,,OO%,,OXX,,,,,4750.0,4999.0,31302.0,,OO%,,O%X,,,,,4750.0,4999.0,2000.0,2500.0,3400.0,3900.0
2025-04-04,673,3,,,,,42393.0,,O%X,,OXX,,,,,4250.0,4499.0,31302.0,,O%X,,XXX,,,0.0,,4250.0,4499.0,2000.0,2500.0,0.0,0.0
2025-04-04,673,4,,,,,42393.0,,OO%,,OO%,,,,,4750.0,4999.0,31302.0,,OO%,,OO%,,,,,4750.0,4999.0,4800.0,4950.0,4800.0,4950.0
2025-04-04,673,5,,,,,42393.0,,OO%,,OOX,,,,,4750.0,4999.0,31302.0,,XXX,,O%X,,,,,12.0,2499.0,4300.0,4600.0,3400.0,3900.0
2025-04-07,676,1,,,,,40969.0,,OXX,,OO%,,,,,3500.0,4249.0,40464.0,,XXX,,O%X,,,,,12.0,2499.0,4800.0,4950.0,3400.0,3900.0
2025-04-07,676,2,,,,,40969.0,,OO%,,OOX,,,,,4750.0,4999.0,40464.0,,OO%,,O%X,,,,,4750.0,4999.0,4300.0,4600.0,3400.0,3900.0
2025-04-07,676,3,,,,,40969.0,,OXX,,O%X,,,,,3500.0,4249.0,40464.0,,OO%,,OOO,,,5000.0,,4750.0,4999.0,3400.0,3900.0,5000.0,5000.0
2025-04-07,676,4,,,,,40969.0,,OXX,,OOO,,,5000.0,,3500.0,4249.0,40464.0,,OXX,,OOO,,,5000.0,,3500.0,4249.0,5000.0,5000.0,5000.0,5000.0
2025-04-07,676,5,,,,,40969.0,,OO%,,OXX,,,,,4750.0,4999.0,40464.0,,OO%,,OOX,,,,,4750.0,4999.0,2000.0,2500.0,4300.0,4600.0
2025-04-08,677,1,,,,,37211.0,,OO%,,OOX,,,,,4750.0,4999.0,37462.0,,OOO,,O%X,,,,5000.0,5000.0,5000.0,4300.0,4600.0,3400.0,3900.0
2025-04-08,677,2,,,,,37211.0,,OO%,,OOO,,,5000.0,,4750.0,4999.0,37462.0,,OXX,,OO%,,,,,3500.0,4249.0,5000.0,5000.0,4800.0,4950.0
2025-04-08,677,3,,,,,37211.0,,OO%,,OXX,,,,,4750.0,4999.0,37462.0,,OO%,,OO%,,,,,4750.0,4999.0,2000.0,2500.0,4800.0,4950.0
2025-04-08,677,4,,,,,37211.0,,OXX,,O%X,,,,,3500.0,4249.0,37462.0,,XXX,,%XX,,,1000.0,,12.0,2499.0,3400.0,3900.0,1000.0,1000.0
2025-04-08,677,5,,,,,37211.0,,XXX,,OXX,,,,,12.0,2499.0,37462.0,,OOX,,O%X,,,,,4500.0,4749.0,2000.0,2500.0,3400.0,3900.0
2025-04-09,678,1,,,,,38684.0,5000.0,OOO,,XXX,,,0.0,5000.0,5000.0,5000.0,36363.0,,OO%,,OXX,,,,,4750.0,4999.0,0.0,0.0,2000.0,2500.0
2025-04-09,678,2,,,,,38684.0,,OXX,,OO%,,,,,3500.0,4249.0,36363.0,,%XX,,OO%,,,,,2500.0,3499.0,4800.0,4950.0,4800.0,4950.0
2025-04-09,678,3,,,,,38684.0,,OO%,,OOX,,,,,4750.0,4999.0,36363.0,,OXX,,OOO,,,5000.0,,3500.0,4249.0,4300.0,4600.0,5000.0,5000.0
2025-04-09,678,4,,,,,38684.0,,OO%,,%XX,,,1000.0,,4750.0,4999.0,36363.0,,OXX,,OOX,,,,,3500.0,4249.0,1000.0,1000.0,4300.0,4600.0
2025-04-09,678,5,,,,,38684.0,,OO%,,OOO,,,5000.0,,4750.0,4999.0,36363.0,,OO%,,XXX,,,0.0,,4750.0,4999.0,5000.0,5000.0,0.0,0.0
2025-04-10,679,1,,,,,34633.0,,OO%,,%XX,,,1000.0,,4750.0,4999.0,25034.0,,OO%,,%XX,,,1000.0,,4750.0,4999.0,1000.0,1000.0,1000.0,1000.0
2025-04-10,679,2,,,,,34633.0,,OO%,,OOX,,,,,4750.0,4999.0,25034.0,,XXX,,OXX,,,,,12.0,2499.0,4300.0,4600.0,2000.0,2500.0
2025-04-10,679,3,,,,,34633.0,,OO%,,OOX,,,,,4750.0,4999.0,25034.0,,OXX,,OXX,,,,,3500.0,4249.0,4300.0,4600.0,2000.0,2500.0
2025-04-10,679,4,,,,,34633.0,,OO%,,OO%,,,,,4750.0,4999.0,25034.0,,OXX,,O%X,,,,,3500.0,4249.0,4800.0,4950.0,3400.0,3900.0
2025-04-10,679,5,,,,,34633.0,,XXX,,XXX,,,0.0,,12.0,2499.0,25034.0,,XXX,,XXX,,,0.0,,12.0,2499.0,0.0,0.0,0.0,0.0
2025-04-11,680,1,,,,,38109.0,,OXX,,O%X,,,,,3500.0,4249.0,36877.0,,OXX,,OXX,,,,,3500.0,4249.0,3400.0,3900.0,2000.0,2500.0
2025-04-11,680,2,,,,,38109.0,,OOO,,OOX,,,,5000.0,5000.0,5000.0,36877.0,,OOO,,OO%,,,,5000.0,5000.0,5000.0,4300.0,4600.0,4800.0,4950.0
2025-04-11,680,3,,,,,38109.0,,O%X,,OXX,,,,,4250.0,4499.0,36877.0,,OOX,,OXX,,,,,4500.0,4749.0,2000.0,2500.0,2000.0,2500.0
2025-04-11,680,4,,,,,38109.0,,%XX,,O%X,,,,,2500.0,3499.0,36877.0,,%XX,,O%X,,,,,2500.0,3499.0,3400.0,3900.0,3400.0,3900.0
2025-04-11,680,5,,,,,38109.0,,OXX,,OOX,,,,,3500.0,4249.0,36877.0,,OO%,,OXX,,,,,4750.0,4999.0,4300.0,4600.0,2000.0,2500.0
2025-04-14,683,1,,,,,34014.0,,%XX,,O%X,,,,,2500.0,3499.0,32219.0,,OO%,,O%X,,,,,4750.0,4999.0,3400.0,3900.0,3400.0,3900.0
2025-04-14,683,2,,,,,34014.0,,%XX,,OXX,,,,,2500.0,3499.0,32219.0,,OXX,,OO%,,,,,3500.0,4249.0,2000.0,2500.0,4800.0,4950.0
2025-04-14,683,3,,,,,34014.0,,OXX,,OOX,,,,,3500.0,4249.0,32219.0,,OO%,,OOX,,,,,4750.0,4999.0,4300.0,4600.0,4300.0,4600.0
2025-04-14,683,4,,,,,34014.0,,OO%,,O%X,,,,,4750.0,4999.0,32219.0,,OXX,,OXX,,,,,3500.0,4249.0,3400.0,3900.0,2000.0,2500.0
2025-04-14,683,5,,,,,34014.0,,XXX,,OO%,,,,,12.0,2499.0,32219.0,,XXX,,XXX,,,0.0,,12.0,2499.0,4800.0,4950.0,0.0,0.0
2025-04-15,684,1,,,,,43270.0,,OXX,,OOX,,,,,3500.0,4249.0,32983.0,,OXX,,XXX,,,0.0,,3500.0,4249.0,4300.0,4600.0,0.0,0.0
2025-04-15,684,2,,,,,43270.0,,OO%,,OO%,,,,,4750.0,4999.0,32983.0,,OO%,,O%X,,,,,4750.0,4999.0,4800.0,4950.0,3400.0,3900.0
2025-04-15,684,3,,,,,43270.0,,OO%,,OOX,,,,,4750.0,4999.0,32983.0,,OXX,,OO%,,,,,3500.0,4249.0,4300.0,4600.0,4800.0,4950.0
2025-04-15,684,4,,,,,43270.0,,OO%,,OO%,,,,,4750.0,4999.0,32983.0,,OXX,,%XX,,,1000.0,,3500.0,4249.0,4800.0,4950.0,1000.0,1000.0
2025-04-15,684,5,,,,,43270.0,,OO%,,%XX,,,1000.0,,4750.0,4999.0,32983.0,,OO%,,%XX,,,1000.0,,4750.0,4999.0,1000.0,1000.0,1000.0,1000.0
2025-04-16,685,1,,,,,36511.0,,%XX,,OOO,,,5000.0,,2500.0,3499.0,42350.0,,O%X,,OOO,,,5000.0,,4250.0,4499.0,5000.0,5000.0,5000.0,5000.0
2025-04-16,685,2,,,,,36511.0,,OO%,,OXX,,,,,4750.0,4999.0,42350.0,,OO%,,OOX,,,,,4750.0,4999.0,2000.0,2500.0,4300.0,4600.0
2025-04-16,685,3,,,,,36511.0,,OO%,,OXX,,,,,4750.0,4999.0,42350.0,,OXX,,O%X,,,,,3500.0,4249.0,2000.0,2500.0,3400.0,3900.0
2025-04-16,685,4,,,,,36511.0,,OXX,,OOO,,,5000.0,,3500.0,4249.0,42350.0,,OXX,,OOO,,,5000.0,,3500.0,4249.0,5000.0,5000.0,5000.0,5000.0
2025-04-16,685,5,,,,,36511.0,,%XX,,OXX,,,,,2500.0,3499.0,42350.0,,OXX,,O%X,,,,,3500.0,4249.0,2000.0,2500.0,3400.0,3900.0
2025-04-17,686,1,,,,,39292.0,,OOO,,OO%,,,,5000.0,5000.0,5000.0,41028.0,,OO%,,O%X,,,,,4750.0,4999.0,4800.0,4950.0,3400.0,3900.0
2025-04-17,686,2,,,,,39292.0,,OO%,,OOO,,,5000.0,,4750.0,4999.0,41028.0,,OO%,,OOX,,,,,4750.0,4999.0,5000.0,5000.0,4300.0,4600.0
2025-04-17,686,3,,,,,39292.0,,O%X,,OXX,,,,,4250.0,4499.0,41028.0,,O%X,,OXX,,,,,4250.0,4499.0,2000.0,2500.0,2000.0,2500.0
2025-04-17,686,4,,,,,39292.0,,OO%,,O%X,,,,,4750.0,4999.0,41028.0,,OO%,,OOX,,,,,4750.0,4999.0,3400.0,3900.0,4300.0,4600.0
2025-04-17,686,5,,,,,39292.0,,XXX,,OOX,,,,,12.0,2499.0,41028.0,,%XX,,O%X,,,,,2500.0,3499.0,4300.0,4600.0,3400.0,3900.0
2025-04-22,691,1,,,,,42697.0,,XXX,,OOO,,,5000.0,,12.0,2499.0,42808.0,,XXX,,OOO,,,5000.0,,12.0,2499.0,5000.0,5000.0,5000.0,5000.0
2025-04-22,691,2,,,,,42697.0,,OO%,,O%X,,,,,4750.0,4999.0,42808.0,,OO%,,OOX,,,,,4750.0,4999.0,3400.0,3900.0,4300.0,4600.0
2025-04-22,691,3,,,,,42697.0,,OXX,,OOO,,,5000.0,,3500.0,4249.0,42808.0,,O%X,,OO%,,,,,4250.0,4499.0,5000.0,5000.0,4800.0,4950.0
2025-04-22,691,4,,,,,42697.0,,OXX,,OOX,,,,,3500.0,4249.0,42808.0,,OO%,,O%X,,,,,4750.0,4999.0,4300.0,4600.0,3400.0,3900.0
2025-04-22,691,5,,,,,42697.0,,OOO,,OO%,,,,5000.0,5000.0,5000.0,42808.0,,OOO,,OO%,,,,5000.0,5000.0,5000.0,4800.0,4950.0,4800.0,4950.0
2025-04-23,692,1,,,,,41018.0,,O%X,,OOX,,,,,4250.0,4499.0,28148.0,,O%X,,%XX,,,1000.0,,4250.0,4499.0,4300.0,4600.0,1000.0,1000.0
2025-04-23,692,2,,,,,41018.0,,O%X,,OOX,,,,,4250.0,4499.0,28148.0,,XXX,,OO%,,,,,12.0,2499.0,4300.0,4600.0,4800.0,4950.0
2025-04-23,692,3,,,,,41018.0,,OO%,,XXX,,,0.0,,4750.0,4999.0,28148.0,,XXX,,XXX,,,0.0,,12.0,2499.0,0.0,0.0,0.0,0.0
2025-04-23,692,4,,,,,41018.0,,OXX,,OOX,,,,,3500.0,4249.0,28148.0,,OXX,,OXX,,,,,3500.0,4249.0,4300.0,4600.0,2000.0,2500.0
2025-04-23,692,5,,,,,41018.0,,OO%,,OOO,,,5000.0,,4750.0,4999.0,28148.0,10000.0,OOO,,OOO,,,5000.0,5000.0,5000.0,5000.0,5000.0,5000.0,5000.0,5000.0
2025-04-24,693,1,,,,,40663.0,10000.0,OOO,,OOO,,,5000.0,5000.0,5000.0,5000.0,,,,,,,,,,,,5000.0,5000.0,,
2025-04-24,693,2,,,,,40663.0,,OOO,,OO%,,,,5000.0,5000.0,5000.0,,,,,,,,,,,,4800.0,4950.0,,
2025-04-24,693,3,,,,,40663.0,,OXX,,%XX,,,1000.0,,3500.0,4249.0,,,,,,,,,,,,1000.0,1000.0,,
2025-04-24,693,4,,,,,40663.0,,OO%,,OOO,,,5000.0,,4750.0,4999.0,,,,,,,,,,,,5000.0,5000.0,,
2025-04-24,693,5,,,,,40663.0,,OXX,,OXX,,,,,3500.0,4249.0,,,,,,,,,,,,2000.0,2500.0,,
2025-04-25,694,1,,,,,37865.0,,OO%,,OOX,,,,,4750.0,4999.0,32536.0,6000.0,OOO,,%XX,,,1000.0,5000.0,5000.0,5000.0,4300.0,4600.0,1000.0,1000.0
2025-04-25,694,2,,,,,37865.0,,O%X,,O%X,,,,,4250.0,4499.0,32536.0,,O%X,,OXX,,,,,4250.0,4499.0,3400.0,3900.0,2000.0,2500.0
2025-04-25,694,3,,,,,37865.0,,OXX,,OXX,,,,,3500.0,4249.0,32536.0,,%XX,,OXX,,,,,2500.0,3499.0,2000.0,2500.0,2000.0,2500.0
2025-04-25,694,4,,,,,37865.0,,O%X,,O%X,,,,,4250.0,4499.0,32536.0,,OXX,,OXX,,,,,3500.0,4249.0,3400.0,3900.0,2000.0,2500.0
2025-04-25,694,5,,,,,37865.0,6000.0,OOO,,%XX,,,1000.0,5000.0,5000.0,5000.0,32536.0,,OO%,,O%X,,,,,4750.0,4999.0,1000.0,1000.0,3400.0,3900.0
2025-04-28,697,1,,,,,38737.0,,%XX,,OOX,,,,,2500.0,3499.0,33856.0,,OXX,,OOO,,,5000.0,,3500.0,4249.0,4300.0,4600.0,5000.0,5000.0
2025-04-28,697,2,,,,,38737.0,,%XX,,OXX,,,,,2500.0,3499.0,33856.0,,XXX,,OOX,,,,,12.0,2499.0,2000.0,2500.0,4300.0,4600.0
2025-04-28,697,3,,,,,38737.0,,OOX,,OOO,,,5000.0,,4500.0,4749.0,33856.0,,XXX,,OOO,,,5000.0,,12.0,2499.0,5000.0,5000.0,5000.0,5000.0
2025-04-28,697,4,,,,,38737.0,,O%X,,OOX,,,,,4250.0,4499.0,33856.0,,OXX,,%XX,,,1000.0,,3500.0,4249.0,4300.0,4600.0,1000.0,1000.0
2025-04-28,697,5,,,,,38737.0,,%XX,,OO%,,,,,2500.0,3499.0,33856.0,,%XX,,OOX,,,,,2500.0,3499.0,4800.0,4950.0,4300.0,4600.0
2025-04-29,698,1,,,,,40040.0,,%XX,,OOO,,,5000.0,,2500.0,3499.0,35001.0,,%XX,,OO%,,,,,2500.0,3499.0,5000.0,5000.0,4800.0,4950.0
2025-04-29,698,2,,,,,40040.0,,OO%,,O%X,,,,,4750.0,4999.0,35001.0,,O%X,,OO%,,,,,4250.0,4499.0,3400.0,3900.0,4800.0,4950.0
2025-04-29,698,3,,,,,40040.0,,OO%,,O%X,,,,,4750.0,4999.0,35001.0,,OO%,,OXX,,,,,4750.0,4999.0,3400.0,3900.0,2000.0,2500.0
2025-04-29,698,4,,,,,40040.0,,OO%,,%XX,,,1000.0,,4750.0,4999.0,35001.0,,OO%,,%XX,,,1000.0,,4750.0,4999.0,1000.0,1000.0,1000.0,1000.0
2025-04-29,698,5,,,,,40040.0,,OOX,,OOX,,,,,4500.0,4749.0,35001.0,,XXX,,OOX,,,,,12.0,2499.0,4300.0,4600.0,4300.0,4600.0
2025-04-30,699,1,,,,,42332.0,,OO%,,O%X,,,,,4750.0,4999.0,,,,,,,,,,,,3400.0,3900.0,,
2025-04-30,699,2,,,,,42332.0,,OOO,,OXX,,,,5000.0,5000.0,5000.0,,,,,,,,,,,,2000.0,2500.0,,
2025-04-30,699,3,,,,,42332.0,,OO%,,OO%,,,,,4750.0,4999.0,,,,,,,,,,,,4800.0,4950.0,,
2025-04-30,699,4,,,,,42332.0,,%XX,,OOO,,,5000.0,,2500.0,3499.0,,,,,,,,,,,,5000.0,5000.0,,
2025-04-30,699,5,,,,,42332.0,,O%X,,OO%,,,,,4250.0,4499.0,,,,,,,,,,,,4800.0,4950.0,,
2025-05-02,701,1,,,,,38551.0,,OO%,,OO%,,,,,4750.0,4999.0,38719.0,,XXX,,OO%,,,,,12.0,2499.0,4800.0,4950.0,4800.0,4950.0
2025-05-02,701,2,,,,,38551.0,,OO%,,OXX,,,,,4750.0,4999.0,38719.0,,XXX,,OOO,,,5000.0,,12.0,2499.0,2000.0,2500.0,5000.0,5000.0
2025-05-02,701,3,,,,,38551.0,,OXX,,O%X,,,,,3500.0,4249.0,38719.0,,OXX,,O%X,,,,,3500.0,4249.0,3400.0,3900.0,3400.0,3900.0
2025-05-02,701,4,,,,,38551.0,,OXX,,OO%,,,,,3500.0,4249.0,38719.0,,OO%,,O%X,,,,,4750.0,4999.0,4800.0,4950.0,3400.0,3900.0
2025-05-02,701,5,,,,,38551.0,,OO%,,XXX,,,0.0,,4750.0,4999.0,38719.0,,OOO,,OO%,,,,5000.0,5000.0,5000.0,0.0,0.0,4800.0,4950.0
2025-05-13,712,1,,,,,48829.0,10000.0,OOO,,OOO,,,5000.0,5000.0,5000.0,5000.0,36799.0,,OOO,,OOX,,,,5000.0,5000.0,5000.0,5000.0,5000.0,4300.0,4600.0
2025-05-13,712,2,,,,,48829.0,,O%X,,OO%,,,,,4250.0,4499.0,36799.0,,O%X,,OO%,,,,,4250.0,4499.0,4800.0,4950.0,4800.0,4950.0
2025-05-13,712,3,,,,,48829.0,,OO%,,OOO,,,5000.0,,4750.0,4999.0,36799.0,,OO%,,OXX,,,,,4750.0,4999.0,5000.0,5000.0,2000.0,2500.0
2025-05-13,712,4,,,,,48829.0,,OOO,,OO%,,,,5000.0,5000.0,5000.0,36799.0,,XXX,,OOX,,,,,12.0,2499.0,4800.0,4950.0,4300.0,4600.0
2025-05-13,712,5,,,,,48829.0,,OO%,,OOO,,,5000.0,,4750.0,4999.0,36799.0,,OXX,,XXX,,,0.0,,3500.0,4249.0,5000.0,5000.0,0.0,0.0
2025-05-14,713,1,,,,,40571.0,,O%X,,OXX,,,,,4250.0,4499.0,26423.0,,O%X,,%XX,,,1000.0,,4250.0,4499.0,2000.0,2500.0,1000.0,1000.0
2025-05-14,713,2,,,,,40571.0,,OOX,,OOO,,,5000.0,,4500.0,4749.0,26423.0,,OO%,,OOX,,,,,4750.0,4999.0,5000.0,5000.0,4300.0,4600.0
2025-05-14,713,3,,,,,40571.0,,OO%,,OXX,,,,,4750.0,4999.0,26423.0,,XXX,,OXX,,,,,12.0,2499.0,2000.0,2500.0,2000.0,2500.0
2025-05-14,713,4,,,,,40571.0,,OXX,,OOX,,,,,3500.0,4249.0,26423.0,,OXX,,O%X,,,,,3500.0,4249.0,4300.0,4600.0,3400.0,3900.0
2025-05-14,713,5,,,,,40571.0,,OXX,,O%X,,,,,3500.0,4249.0,26423.0,,XXX,,XXX,,,0.0,,12.0,2499.0,3400.0,3900.0,0.0,0.0
2025-05-15,714,1,,,,,34781.0,,O%X,,OO%,,,,,4250.0,4499.0,30013.0,,OO%,,OO%,,,,,4750.0,4999.0,4800.0,4950.0,4800.0,4950.0
2025-05-15,714,2,,,,,34781.0,6000.0,OOO,,%XX,,,1000.0,5000.0,5000.0,5000.0,30013.0,,OXX,,OXX,,,,,3500.0,4249.0,1000.0,1000.0,2000.0,2500.0
2025-05-15,714,3,,,,,34781.0,,OXX,,XXX,,,0.0,,3500.0,4249.0,30013.0,,OXX,,XXX,,,0.0,,3500.0,4249.0,0.0,0.0,0.0,0.0
2025-05-15,714,4,,,,,34781.0,,OO%,,OOO,,,5000.0,,4750.0,4999.0,30013.0,,%XX,,OO%,,,,,2500.0,3499.0,5000.0,5000.0,4800.0,4950.0
2025-05-15,714,5,,,,,34781.0,,XXX,,OOO,,,5000.0,,12.0,2499.0,30013.0,,XXX,,%XX,,,1000.0,,12.0,2499.0,5000.0,5000.0,1000.0,1000.0
2025-05-16,715,1,,,,,38701.0,,OO%,,OO%,,,,,4750.0,4999.0,31758.0,,OO%,,O%X,,,,,4750.0,4999.0,4800.0,4950.0,3400.0,3900.0
2025-05-16,715,2,,,,,38701.0,,XXX,,O%X,,,,,12.0,2499.0,31758.0,,XXX,,O%X,,,,,12.0,2499.0,3400.0,3900.0,3400.0,3900.0
2025-05-16,715,3,,,,,38701.0,,OO%,,OO%,,,,,4750.0,4999.0,31758.0,,OO%,,%XX,,,1000.0,,4750.0,4999.0,4800.0,4950.0,1000.0,1000.0
2025-05-16,715,4,,,,,38701.0,,%XX,,O%X,,,,,2500.0,3499.0,31758.0,,%XX,,%XX,,,1000.0,,2500.0,3499.0,3400.0,3900.0,1000.0,1000.0
2025-05-16,715,5,,,,,38701.0,,OO%,,O%X,,,,,4750.0,4999.0,31758.0,,OO%,,OO%,,,,,4750.0,4999.0,3400.0,3900.0,4800.0,4950.0
2025-05-19,718,1,,,,,35857.0,,OOO,,OO%,,,,5000.0,5000.0,5000.0,39001.0,,XXX,,OOO,,,5000.0,,12.0,2499.0,4800.0,4950.0,5000.0,5000.0
2025-05-19,718,2,,,,,35857.0,,XXX,,OOX,,,,,12.0,2499.0,39001.0,,XXX,,OO%,,,,,12.0,2499.0,4300.0,4600.0,4800.0,4950.0
2025-05-19,718,3,,,,,35857.0,,OOO,,OOX,,,,5000.0,5000.0,5000.0,39001.0,,OO%,,OOX,,,,,4750.0,4999.0,4300.0,4600.0,4300.0,4600.0
2025-05-19,718,4,,,,,35857.0,,OO%,,XXX,,,0.0,,4750.0,4999.0,39001.0,,OO%,,OO%,,,,,4750.0,4999.0,0.0,0.0,4800.0,4950.0
2025-05-19,718,5,,,,,35857.0,,OOO,,OXX,,,,5000.0,5000.0,5000.0,39001.0,,OOO,,OOX,,,,5000.0,5000.0,5000.0,2000.0,2500.0,4300.0,4600.0
2025-05-20,719,1,,,,,35327.0,,OO%,,OOO,,,5000.0,,4750.0,4999.0,35725.0,,OOO,,OO%,,,,5000.0,5000.0,5000.0,5000.0,5000.0,4800.0,4950.0
2025-05-20,719,2,,,,,35327.0,,OO%,,OXX,,,,,4750.0,4999.0,35725.0,,OO%,,XXX,,,0.0,,4750.0,4999.0,2000.0,2500.0,0.0,0.0
2025-05-20,719,3,,,,,35327.0,,%XX,,OXX,,,,,2500.0,3499.0,35725.0,,XXX,,%XX,,,1000.0,,12.0,2499.0,2000.0,2500.0,1000.0,1000.0
2025-05-20,719,4,,,,,35327.0,,OO%,,OXX,,,,,4750.0,4999.0,35725.0,,OO%,,OO%,,,,,4750.0,4999.0,2000.0,2500.0,4800.0,4950.0
2025-05-20,719,5,,,,,35327.0,,OXX,,OXX,,,,,3500.0,4249.0,35725.0,,OXX,,OO%,,,,,3500.0,4249.0,2000.0,2500.0,4800.0,4950.0
2025-05-21,720,1,,,,,39160.0,10000.0,OOO,,OOO,,,5000.0,5000.0,5000.0,5000.0,35900.0,,XXX,,OOO,,,5000.0,,12.0,2499.0,5000.0,5000.0,5000.0,5000.0
2025-05-21,720,2,,,,,39160.0,,OO%,,OO%,,,,,4750.0,4999.0,35900.0,,OO%,,OO%,,,,,4750.0,4999.0,4800.0,4950.0,4800.0,4950.0
2025-05-21,720,3,,,,,39160.0,,OXX,,OXX,,,,,3500.0,4249.0,35900.0,,%XX,,OXX,,,,,2500.0,3499.0,2000.0,2500.0,2000.0,2500.0
2025-05-21,720,4,,,,,39160.0,,OO%,,%XX,,,1000.0,,4750.0,4999.0,35900.0,,OO%,,OXX,,,,,4750.0,4999.0,1000.0,1000.0,2000.0,2500.0
2025-05-21,720,5,,,,,39160.0,,OO%,,OXX,,,,,4750.0,4999.0,35900.0,,OO%,,OO%,,,,,4750.0,4999.0,2000.0,2500.0,4800.0,4950.0
2025-05-22,721,1,,,,,34330.0,10000.0,OOO,,OOO,,,5000.0,5000.0,5000.0,5000.0,37371.0,10000.0,OOO,,OOO,,,5000.0,5000.0,5000.0,5000.0,5000.0,5000.0,5000.0,5000.0
2025-05-22,721,2,,,,,34330.0,,OXX,,XXX,,,0.0,,3500.0,4249.0,37371.0,,OXX,,XXX,,,0.0,,3500.0,4249.0,0.0,0.0,0.0,0.0
2025-05-22,721,3,,,,,34330.0,,O%X,,O%X,,,,,4250.0,4499.0,37371.0,,OO%,,OXX,,,,,4750.0,4999.0,3400.0,3900.0,2000.0,2500.0
2025-05-22,721,4,,,,,34330.0,,O%X,,XXX,,,0.0,,4250.0,4499.0,37371.0,,OO%,,O%X,,,,,4750.0,4999.0,0.0,0.0,3400.0,3900.0
2025-05-22,721,5,,,,,34330.0,,O%X,,O%X,,,,,4250.0,4499.0,37371.0,,OO%,,OXX,,,,,4750.0,4999.0,3400.0,3900.0,2000.0,2500.0
2025-05-23,722,1,,,,,44407.0,,OO%,,OOO,,,5000.0,,4750.0,4999.0,42506.0,,OOX,,OO%,,,,,4500.0,4749.0,5000.0,5000.0,4800.0,4950.0
2025-05-23,722,2,,,,,44407.0,,OOX,,OOO,,,5000.0,,4500.0,4749.0,42506.0,,OO%,,OOO,,,5000.0,,4750.0,4999.0,5000.0,5000.0,5000.0,5000.0
2025-05-23,722,3,,,,,44407.0,,OO%,,OXX,,,,,4750.0,4999.0,42506.0,,OO%,,O%X,,,,,4750.0,4999.0,2000.0,2500.0,3400.0,3900.0
2025-05-23,722,4,,,,,44407.0,,OO%,,OO%,,,,,4750.0,4999.0,42506.0,,OO%,,O%X,,,,,4750.0,4999.0,4800.0,4950.0,3400.0,3900.0
2025-05-23,722,5,,,,,44407.0,,OXX,,OOX,,,,,3500.0,4249.0,42506.0,,OXX,,OXX,,,,,3500.0,4249.0,4300.0,4600.0,2000.0,2500.0
2025-05-27,726,1,,,,,33463.0,,OO%,,OOO,,,5000.0,,4750.0,4999.0,32549.0,,OO%,,OOO,,,5000.0,,4750.0,4999.0,5000.0,5000.0,5000.0,5000.0
2025-05-27,726,2,,,,,33463.0,,OO%,,O%X,,,,,4750.0,4999.0,32549.0,,XXX,,%XX,,,1000.0,,12.0,2499.0,3400.0,3900.0,1000.0,1000.0
2025-05-27,726,3,,,,,33463.0,,XXX,,OO%,,,,,12.0,2499.0,32549.0,,OOX,,OOO,,,5000.0,,4500.0,4749.0,4800.0,4950.0,5000.0,5000.0
2025-05-27,726,4,,,,,33463.0,,OO%,,XXX,,,0.0,,4750.0,4999.0,32549.0,,XXX,,OOX,,,,,12.0,2499.0,0.0,0.0,4300.0,4600.0
2025-05-27,726,5,,,,,33463.0,,%XX,,OXX,,,,,2500.0,3499.0,32549.0,,%XX,,OXX,,,,,2500.0,3499.0,2000.0,2500.0,2000.0,2500.0
2025-05-28,727,1,,,,,48469.0,,OOO,,OO%,,,,5000.0,5000.0,5000.0,47007.0,,OO%,,OO%,,,,,4750.0,4999.0,4800.0,4950.0,4800.0,4950.0
2025-05-28,727,2,,,,,48469.0,,OO%,,OO%,,,,,4750.0,4999.0,47007.0,,OO%,,OOX,,,,,4750.0,4999.0,4800.0,4950.0,4300.0,4600.0
2025-05-28,727,3,,,,,48469.0,,OO%,,OO%,,,,,4750.0,4999.0,47007.0,,OO%,,O%X,,,,,4750.0,4999.0,4800.0,4950.0,3400.0,3900.0
2025-05-28,727,4,,,,,48469.0,,OOO,,OOX,,,,5000.0,5000.0,5000.0,47007.0,10000.0,OOO,,OOO,,,5000.0,5000.0,5000.0,5000.0,4300.0,4600.0,5000.0,5000.0
2025-05-28,727,5,,,,,48469.0,,OO%,,OOX,,,,,4750.0,4999.0,47007.0,,OO%,,OOX,,,,,4750.0,4999.0,4300.0,4600.0,4300.0,4600.0
2025-05-29,728,1,,,,,41033.0,,OO%,,O%X,,,,,4750.0,4999.0,43779.0,,OO%,,OOO,,,5000.0,,4750.0,4999.0,3400.0,3900.0,5000.0,5000.0
2025-05-29,728,2,,,,,41033.0,,OO%,,OOX,,,,,4750.0,4999.0,43779.0,,OO%,,OXX,,,,,4750.0,4999.0,4300.0,4600.0,2000.0,2500.0
2025-05-29,728,3,,,,,41033.0,,OO%,,OOX,,,,,4750.0,4999.0,43779.0,,OO%,,OOX,,,,,4750.0,4999.0,4300.0,4600.0,4300.0,4600.0
2025-05-29,728,4,,,,,41033.0,,OOO,,O%X,,,,5000.0,5000.0,5000.0,43779.0,,OO%,,O%X,,,,,4750.0,4999.0,3400.0,3900.0,3400.0,3900.0
2025-05-29,728,5,,,,,41033.0,,OO%,,XXX,,,0.0,,4750.0,4999.0,43779.0,,OO%,,O%X,,,,,4750.0,4999.0,0.0,0.0,3400.0,3900.0
2025-05-30,729,1,,,,,30138.0,,OO%,,XXX,,,0.0,,4750.0,4999.0,29412.0,,%XX,,XXX,,,0.0,,2500.0,3499.0,0.0,0.0,0.0,0.0
2025-05-30,729,2,,,,,30138.0,,OO%,,OOX,,,,,4750.0,4999.0,29412.0,,OO%,,OOX,,,,,4750.0,4999.0,4300.0,4600.0,4300.0,4600.0
2025-05-30,729,3,,,,,30138.0,,OOX,,OXX,,,,,4500.0,4749.0,29412.0,,OXX,,OOX,,,,,3500.0,4249.0,2000.0,2500.0,4300.0,4600.0
2025-05-30,729,4,,,,,30138.0,,OOX,,O%X,,,,,4500.0,4749.0,29412.0,,O%X,,OXX,,,,,4250.0,4499.0,3400.0,3900.0,2000.0,2500.0
2025-05-30,729,5,,,,,30138.0,,XXX,,%XX,,,1000.0,,12.0,2499.0,29412.0,,XXX,,XXX,,,0.0,,12.0,2499.0,1000.0,1000.0,0.0,0.0
2025-06-02,732,1,,,,,32917.0,,OO%,,OO%,,,,,4750.0,4999.0,,,,,,,,,,,,4800.0,4950.0,,
2025-06-02,732,2,,,,,32917.0,,OXX,,OO%,,,,,3500.0,4249.0,,,,,,,,,,,,4800.0,4950.0,,
2025-06-02,732,3,,,,,32917.0,,O%X,,XXX,,,0.0,,4250.0,4499.0,,,,,,,,,,,,0.0,0.0,,
2025-06-02,732,4,,,,,32917.0,,OO%,,XXX,,,0.0,,4750.0,4999.0,,,,,,,,,,,,0.0,0.0,,
2025-06-02,732,5,,,,,32917.0,,OOX,,XXX,,,0.0,,4500.0,4749.0,,,,,,,,,,,,0.0,0.0,,
2025-06-03,733,1,,,,,44011.0,,OOX,,OOO,,,5000.0,,4500.0,4749.0,41875.0,,%XX,,O%X,,,,,2500.0,3499.0,5000.0,5000.0,3400.0,3900.0
2025-06-03,733,2,,,,,44011.0,,OOO,,OO%,,,,5000.0,5000.0,5000.0,41875.0,,OOO,,OO%,,,,5000.0,5000.0,5000.0,4800.0,4950.0,4800.0,4950.0
2025-06-03,733,3,,,,,44011.0,,OXX,,OXX,,,,,3500.0,4249.0,41875.0,,OXX,,OO%,,,,,3500.0,4249.0,2000.0,2500.0,4800.0,4950.0
2025-06-03,733,4,,,,,44011.0,,OOO,,O%X,,,,5000.0,5000.0,5000.0,41875.0,,OXX,,OXX,,,,,3500.0,4249.0,3400.0,3900.0,2000.0,2500.0
2025-06-03,733,5,,,,,44011.0,,OO%,,OOO,,,5000.0,,4750.0,4999.0,41875.0,,OO%,,OOO,,,5000.0,,4750.0,4999.0,5000.0,5000.0,5000.0,5000.0
2025-06-05,735,1,,,,,39488.0,,OO%,,OO%,,,,,4750.0,4999.0,,,,,,,,,,,,4800.0,4950.0,,
2025-06-05,735,2,,,,,39488.0,,OO%,,%XX,,,1000.0,,4750.0,4999.0,,,,,,,,,,,,1000.0,1000.0,,
2025-06-05,735,3,,,,,39488.0,,OO%,,OO%,,,,,4750.0,4999.0,,,,,,,,,,,,4800.0,4950.0,,
2025-06-05,735,4,,,,,39488.0,,OO%,,OOX,,,,,4750.0,4999.0,,,,,,,,,,,,4300.0,4600.0,,
2025-06-05,735,5,,,,,39488.0,,OO%,,XXX,,,0.0,,4750.0,4999.0,,,,,,,,,,,,0.0,0.0,,
2025-06-06,736,1,,,,,46318.0,,OO%,,OOO,,,5000.0,,4750.0,4999.0,,,,,,,,,,,,5000.0,5000.0,,
2025-06-06,736,2,,,,,46318.0,,O%X,,OO%,,,,,4250.0,4499.0,,,,,,,,,,,,4800.0,4950.0,,
2025-06-06,736,3,,,,,46318.0,,OO%,,OO%,,,,,4750.0,4999.0,,,,,,,,,,,,4800.0,4950.0,,
2025-06-06,736,4,,,,,46318.0,,OXX,,O%X,,,,,3500.0,4249.0,,,,,,,,,,,,3400.0,3900.0,,
2025-06-06,736,5,,,,,46318.0,,OOO,,OO%,,,,5000.0,5000.0,5000.0,,,,,,,,,,,,4800.0,4950.0,,
2025-06-10,740,1,,,,,31963.0,,OO%,,OXX,,,,,4750.0,4999.0,26870.0,,OO%,,O%X,,,,,4750.0,4999.0,2000.0,2500.0,3400.0,3900.0
2025-06-10,740,2,,,,,31963.0,,%XX,,XXX,,,0.0,,2500.0,3499.0,26870.0,,%XX,,XXX,,,0.0,,2500.0,3499.0,0.0,0.0,0.0,0.0
2025-06-10,740,3,,,,,31963.0,,OO%,,OXX,,,,,4750.0,4999.0,26870.0,,OOO,,OXX,,,,5000.0,5000.0,5000.0,2000.0,2500.0,2000.0,2500.0
2025-06-10,740,4,,,,,31963.0,,OOX,,OXX,,,,,4500.0,4749.0,26870.0,,OXX,,XXX,,,0.0,,3500.0,4249.0,2000.0,2500.0,0.0,0.0
2025-06-10,740,5,,,,,31963.0,,OO%,,O%X,,,,,4750.0,4999.0,26870.0,,OO%,,XXX,,,0.0,,4750.0,4999.0,3400.0,3900.0,0.0,0.0
2025-06-13,743,1,,,,,42375.0,10000.0,OOO,,OOO,,,5000.0,5000.0,5000.0,5000.0,41205.0,,OXX,,OO%,,,,,3500.0,4249.0,5000.0,5000.0,4800.0,4950.0
2025-06-13,743,2,,,,,42375.0,,OO%,,OOO,,,5000.0,,4750.0,4999.0,41205.0,,OO%,,OOO,,,5000.0,,4750.0,4999.0,5000.0,5000.0,5000.0,5000.0
2025-06-13,743,3,,,,,42375.0,,OO%,,O%X,,,,,4750.0,4999.0,41205.0,,XXX,,OO%,,,,,12.0,2499.0,3400.0,3900.0,4800.0,4950.0
2025-06-13,743,4,,,,,42375.0,,OO%,,OO%,,,,,4750.0,4999.0,41205.0,,OO%,,OOX,,,,,4750.0,4999.0,4800.0,4950.0,4300.0,4600.0
2025-06-13,743,5,,,,,42375.0,,O%X,,XXX,,,0.0,,4250.0,4499.0,41205.0,,O%X,,O%X,,,,,4250.0,4499.0,0.0,0.0,3400.0,3900.0
2025-06-17,747,1,,,,,37545.0,,OO%,,OO%,,,,,4750.0,4999.0,32252.0,,OO%,,OXX,,,,,4750.0,4999.0,4800.0,4950.0,2000.0,2500.0
2025-06-17,747,2,,,,,37545.0,,OXX,,OXX,,,,,3500.0,4249.0,32252.0,,OXX,,%XX,,,1000.0,,3500.0,4249.0,2000.0,2500.0,1000.0,1000.0
2025-06-17,747,3,,,,,37545.0,,OXX,,OXX,,,,,3500.0,4249.0,32252.0,,OO%,,OXX,,,,,4750.0,4999.0,2000.0,2500.0,2000.0,2500.0
2025-06-17,747,4,,,,,37545.0,,%XX,,O%X,,,,,2500.0,3499.0,32252.0,,%XX,,OXX,,,,,2500.0,3499.0,3400.0,3900.0,2000.0,2500.0
2025-06-17,747,5,,,,,37545.0,,OXX,,OO%,,,,,3500.0,4249.0,32252.0,,OXX,,O%X,,,,,3500.0,4249.0,4800.0,4950.0,3400.0,3900.0
2025-06-18,748,1,,,,,28773.0,,%XX,,O%X,,,,,2500.0,3499.0,,,,,,,,,,,,3400.0,3900.0,,
2025-06-18,748,2,,,,,28773.0,,O%X,,O%X,,,,,4250.0,4499.0,,,,,,,,,,,,3400.0,3900.0,,
2025-06-18,748,3,,,,,28773.0,,OO%,,XXX,,,0.0,,4750.0,4999.0,,,,,,,,,,,,0.0,0.0,,
2025-06-18,748,4,,,,,28773.0,,OO%,,XXX,,,0.0,,4750.0,4999.0,,,,,,,,,,,,0.0,0.0,,
2025-06-18,748,5,,,,,28773.0,,OO%,,XXX,,,0.0,,4750.0,4999.0,,,,,,,,,,,,0.0,0.0,,
2025-07-14,774,1,,,,,45520.0,,OOO,,OO%,,,,5000.0,5000.0,5000.0,35944.0,,XXX,,OO%,,,,,12.0,2499.0,4800.0,4950.0,4800.0,4950.0
2025-07-14,774,2,,,,,45520.0,,OXX,,O%X,,,,,3500.0,4249.0,35944.0,,OXX,,O%X,,,,,3500.0,4249.0,3400.0,3900.0,3400.0,3900.0
2025-07-14,774,3,,,,,45520.0,,OO%,,OO%,,,,,4750.0,4999.0,35944.0,,OO%,,OO%,,,,,4750.0,4999.0,4800.0,4950.0,4800.0,4950.0
2025-07-14,774,4,,,,,45520.0,,OO%,,O%X,,,,,4750.0,4999.0,35944.0,,OO%,,XXX,,,0.0,,4750.0,4999.0,3400.0,3900.0,0.0,0.0
2025-07-14,774,5,,,,,45520.0,,OO%,,OO%,,,,,4750.0,4999.0,35944.0,,OXX,,OOO,,,5000.0,,3500.0,4249.0,4800.0,4950.0,5000.0,5000.0
2025-07-15,775,1,,,,,37339.0,,OO%,,OXX,,,,,4750.0,4999.0,27789.0,,OO%,,OXX,,,,,4750.0,4999.0,2000.0,2500.0,2000.0,2500.0
2025-07-15,775,2,,,,,37339.0,,OXX,,OOX,,,,,3500.0,4249.0,27789.0,,XXX,,O%X,,,,,12.0,2499.0,4300.0,4600.0,3400.0,3900.0
2025-07-15,775,3,,,,,37339.0,,OOX,,OO%,,,,,4500.0,4749.0,27789.0,,OO%,,OXX,,,,,4750.0,4999.0,4800.0,4950.0,2000.0,2500.0
2025-07-15,775,4,,,,,37339.0,,OO%,,OXX,,,,,4750.0,4999.0,27789.0,,XXX,,OXX,,,,,12.0,2499.0,2000.0,2500.0,2000.0,2500.0
2025-07-15,775,5,,,,,37339.0,5000.0,OOO,,XXX,,,0.0,5000.0,5000.0,5000.0,27789.0,,OO%,,XXX,,,0.0,,4750.0,4999.0,0.0,0.0,0.0,0.0
2025-07-16,776,1,,,,,35602.0,,XXX,,O%X,,,,,12.0,2499.0,40918.0,,OXX,,OO%,,,,,3500.0,4249.0,3400.0,3900.0,4800.0,4950.0
2025-07-16,776,2,,,,,35602.0,,OO%,,OXX,,,,,4750.0,4999.0,40918.0,,OO%,,OXX,,,,,4750.0,4999.0,2000.0,2500.0,2000.0,2500.0
2025-07-16,776,3,,,,,35602.0,,OO%,,OXX,,,,,4750.0,4999.0,40918.0,,OO%,,OXX,,,,,4750.0,4999.0,2000.0,2500.0,2000.0,2500.0
2025-07-16,776,4,,,,,35602.0,,OOX,,O%X,,,,,4500.0,4749.0,40918.0,,%XX,,OO%,,,,,2500.0,3499.0,3400.0,3900.0,4800.0,4950.0
2025-07-16,776,5,,,,,35602.0,,OOX,,OOO,,,5000.0,,4500.0,4749.0,40918.0,,OOX,,OOO,,,5000.0,,4500.0,4749.0,5000.0,5000.0,5000.0,5000.0
2025-07-17,777,1,,,,,30734.0,,O%X,,OO%,,,,,4250.0,4499.0,,,,,,,,,,,,4800.0,4950.0,,
2025-07-17,777,2,,,,,30734.0,,OO%,,XXX,,,0.0,,4750.0,4999.0,,,,,,,,,,,,0.0,0.0,,
2025-07-17,777,3,,,,,30734.0,,OXX,,OXX,,,,,3500.0,4249.0,,,,,,,,,,,,2000.0,2500.0,,
2025-07-17,777,4,,,,,30734.0,,XXX,,O%X,,,,,12.0,2499.0,,,,,,,,,,,,3400.0,3900.0,,
2025-07-17,777,5,,,,,30734.0,,O%X,,O%X,,,,,4250.0,4499.0,,,,,,,,,,,,3400.0,3900.0,,
2025-07-21,781,1,,,,,35703.0,,OOO,,OO%,,,,5000.0,5000.0,5000.0,34751.0,,OOO,,O%X,,,,5000.0,5000.0,5000.0,4800.0,4950.0,3400.0,3900.0
2025-07-21,781,2,,,,,35703.0,,OXX,,OXX,,,,,3500.0,4249.0,34751.0,,O%X,,XXX,,,0.0,,4250.0,4499.0,2000.0,2500.0,0.0,0.0
2025-07-21,781,3,,,,,35703.0,,OO%,,OXX,,,,,4750.0,4999.0,34751.0,,OO%,,OXX,,,,,4750.0,4999.0,2000.0,2500.0,2000.0,2500.0
2025-07-21,781,4,,,,,35703.0,,%XX,,XXX,,,0.0,,2500.0,3499.0,34751.0,,XXX,,OOX,,,,,12.0,2499.0,0.0,0.0,4300.0,4600.0
2025-07-21,781,5,,,,,35703.0,,OOO,,OO%,,,,5000.0,5000.0,5000.0,34751.0,10000.0,OOO,,OOO,,,5000.0,5000.0,5000.0,5000.0,4800.0,4950.0,5000.0,5000.0
2025-07-23,783,1,,,,,41050.0,,OXX,,O%X,,,,,3500.0,4249.0,33182.0,,OXX,,OXX,,,,,3500.0,4249.0,3400.0,3900.0,2000.0,2500.0
2025-07-23,783,2,,,,,41050.0,,OO%,,O%X,,,,,4750.0,4999.0,33182.0,,%XX,,OXX,,,,,2500.0,3499.0,3400.0,3900.0,2000.0,2500.0
2025-07-23,783,3,,,,,41050.0,,OXX,,O%X,,,,,3500.0,4249.0,33182.0,,OO%,,%XX,,,1000.0,,4750.0,4999.0,3400.0,3900.0,1000.0,1000.0
2025-07-23,783,4,,,,,41050.0,,OO%,,OO%,,,,,4750.0,4999.0,33182.0,,OO%,,O%X,,,,,4750.0,4999.0,4800.0,4950.0,3400.0,3900.0
2025-07-23,783,5,,,,,41050.0,,OO%,,OXX,,,,,4750.0,4999.0,33182.0,,OO%,,OXX,,,,,4750.0,4999.0,2000.0,2500.0,2000.0,2500.0
2025-07-24,784,1,,,,,43266.0,,OO%,,OOO,,,5000.0,,4750.0,4999.0,36463.0,,OO%,,OO%,,,,,4750.0,4999.0,5000.0,5000.0,4800.0,4950.0
2025-07-24,784,2,,,,,43266.0,,OO%,,OO%,,,,,4750.0,4999.0,36463.0,,OO%,,O%X,,,,,4750.0,4999.0,4800.0,4950.0,3400.0,3900.0
2025-07-24,784,3,,,,,43266.0,,OXX,,%XX,,,1000.0,,3500.0,4249.0,36463.0,,OXX,,OXX,,,,,3500.0,4249.0,1000.0,1000.0,2000.0,2500.0
2025-07-24,784,4,,,,,43266.0,,OO%,,OO%,,,,,4750.0,4999.0,36463.0,,OXX,,OOX,,,,,3500.0,4249.0,4800.0,4950.0,4300.0,4600.0
2025-07-24,784,5,,,,,43266.0,,OXX,,OOO,,,5000.0,,3500.0,4249.0,36463.0,,OXX,,XXX,,,0.0,,3500.0,4249.0,5000.0,5000.0,0.0,0.0
2025-07-28,788,1,,,,,42307.0,,OOO,,OO%,,,,5000.0,5000.0,5000.0,,,,,,,,,,,,4800.0,4950.0,,
2025-07-28,788,2,,,,,42307.0,,OXX,,OXX,,,,,3500.0,4249.0,,,,,,,,,,,,2000.0,2500.0,,
2025-07-28,788,3,,,,,42307.0,,OO%,,OXX,,,,,4750.0,4999.0,,,,,,,,,,,,2000.0,2500.0,,
2025-07-28,788,4,,,,,42307.0,,OO%,,OOO,,,5000.0,,4750.0,4999.0,,,,,,,,,,,,5000.0,5000.0,,
2025-07-28,788,5,,,,,42307.0,,OO%,,OOX,,,,,4750.0,4999.0,,,,,,,,,,,,4300.0,4600.0,,
2025-07-29,789,1,,,,,37749.0,10000.0,OOO,,OOO,,,5000.0,5000.0,5000.0,5000.0,,,,,,,,,,,,5000.0,5000.0,,
2025-07-29,789,2,,,,,37749.0,,OO%,,OOO,,,5000.0,,4750.0,4999.0,,,,,,,,,,,,5000.0,5000.0,,
2025-07-29,789,3,,,,,37749.0,,OO%,,XXX,,,0.0,,4750.0,4999.0,,,,,,,,,,,,0.0,0.0,,
2025-07-29,789,4,,,,,37749.0,,OO%,,OXX,,,,,4750.0,4999.0,,,,,,,,,,,,2000.0,2500.0,,
2025-07-29,789,5,,,,,37749.0,,%XX,,OXX,,,,,2500.0,3499.0,,,,,,,,,,,,2000.0,2500.0,,
2025-07-30,790,1,,,,,38760.0,,OO%,,O%X,,,,,4750.0,4999.0,36297.0,,OO%,,OXX,,,,,4750.0,4999.0,3400.0,3900.0,2000.0,2500.0
2025-07-30,790,2,,,,,38760.0,,OO%,,O%X,,,,,4750.0,4999.0,36297.0,,OO%,,%XX,,,1000.0,,4750.0,4999.0,3400.0,3900.0,1000.0,1000.0
2025-07-30,790,3,,,,,38760.0,,OO%,,OXX,,,,,4750.0,4999.0,36297.0,,OO%,,OXX,,,,,4750.0,4999.0,2000.0,2500.0,2000.0,2500.0
2025-07-30,790,4,,,,,38760.0,,OOX,,OXX,,,,,4500.0,4749.0,36297.0,,OXX,,OXX,,,,,3500.0,4249.0,2000.0,2500.0,2000.0,2500.0
2025-07-30,790,5,,,,,38760.0,,OO%,,OXX,,,,,4750.0,4999.0,36297.0,,OO%,,OOX,,,,,4750.0,4999.0,2000.0,2500.0,4300.0,4600.0
2025-07-31,791,1,,,,,37691.0,,OXX,,XXX,,,0.0,,3500.0,4249.0,,,,,,,,,,,,0.0,0.0,,
2025-07-31,791,2,,,,,37691.0,,OO%,,O%X,,,,,4750.0,4999.0,,,,,,,,,,,,3400.0,3900.0,,
2025-07-31,791,3,,,,,37691.0,,OO%,,OXX,,,,,4750.0,4999.0,,,,,,,,,,,,2000.0,2500.0,,
2025-07-31,791,4,,,,,37691.0,,OXX,,O%X,,,,,3500.0,4249.0,,,,,,,,,,,,3400.0,3900.0,,
2025-07-31,791,5,,,,,37691.0,,OOO,,OO%,,,,5000.0,5000.0,5000.0,,,,,,,,,,,,4800.0,4950.0,,
2025-08-04,795,1,,,,,43943.0,,OO%,,OOO,,,5000.0,,4750.0,4999.0,43787.0,,OO%,,OOO,,,5000.0,,4750.0,4999.0,5000.0,5000.0,5000.0,5000.0
2025-08-04,795,2,,,,,43943.0,,OXX,,OXX,,,,,3500.0,4249.0,43787.0,,OXX,,OO%,,,,,3500.0,4249.0,2000.0,2500.0,4800.0,4950.0
2025-08-04,795,3,,,,,43943.0,,OO%,,OOX,,,,,4750.0,4999.0,43787.0,,OO%,,O%X,,,,,4750.0,4999.0,4300.0,4600.0,3400.0,3900.0
2025-08-04,795,4,,,,,43943.0,,OOO,,OOX,,,,5000.0,5000.0,5000.0,43787.0,,OO%,,OXX,,,,,4750.0,4999.0,4300.0,4600.0,2000.0,2500.0
2025-08-04,795,5,,,,,43943.0,,OO%,,O%X,,,,,4750.0,4999.0,43787.0,,OO%,,OOX,,,,,4750.0,4999.0,3400.0,3900.0,4300.0,4600.0
2025-08-05,796,1,,,,,39153.0,,OOX,,XXX,,,0.0,,4500.0,4749.0,,,,,,,,,,,,0.0,0.0,,
2025-08-05,796,2,,,,,39153.0,,OO%,,OOX,,,,,4750.0,4999.0,,,,,,,,,,,,4300.0,4600.0,,
2025-08-05,796,3,,,,,39153.0,,OO%,,OOX,,,,,4750.0,4999.0,,,,,,,,,,,,4300.0,4600.0,,
2025-08-05,796,4,,,,,39153.0,,OXX,,OXX,,,,,3500.0,4249.0,,,,,,,,,,,,2000.0,2500.0,,
2025-08-05,796,5,,,,,39153.0,,OO%,,OO%,,,,,4750.0,4999.0,,,,,,,,,,,,4800.0,4950.0,,
2025-08-06,797,1,,,,,40072.0,,OXX,,OXX,,,,,3500.0,4249.0,,,,,,,,,,,,2000.0,2500.0,,
2025-08-06,797,2,,,,,40072.0,,OO%,,%XX,,,1000.0,,4750.0,4999.0,,,,,,,,,,,,1000.0,1000.0,,
2025-08-06,797,3,,,,,40072.0,,OO%,,OOO,,,5000.0,,4750.0,4999.0,,,,,,,,,,,,5000.0,5000.0,,
2025-08-06,797,4,,,,,40072.0,,OO%,,O%X,,,,,4750.0,4999.0,,,,,,,,,,,,3400.0,3900.0,,
2025-08-06,797,5,,,,,40072.0,,OO%,,OOX,,,,,4750.0,4999.0,,,,,,,,,,,,4300.0,4600.0,,
2025-08-07,798,1,,,,,39232.0,10000.0,OOO,,OOO,,,5000.0,5000.0,5000.0,5000.0,40334.0,,OOO,,OO%,,,,5000.0,5000.0,5000.0,5000.0,5000.0,4800.0,4950.0
2025-08-07,798,2,,,,,39232.0,,OO%,,O%X,,,,,4750.0,4999.0,40334.0,,OO%,,OXX,,,,,4750.0,4999.0,3400.0,3900.0,2000.0,2500.0
2025-08-07,798,3,,,,,39232.0,,OO%,,OXX,,,,,4750.0,4999.0,40334.0,,OXX,,OXX,,,,,3500.0,4249.0,2000.0,2500.0,2000.0,2500.0
2025-08-07,798,4,,,,,39232.0,,OO%,,%XX,,,1000.0,,4750.0,4999.0,40334.0,,OO%,,O%X,,,,,4750.0,4999.0,1000.0,1000.0,3400.0,3900.0
2025-08-07,798,5,,,,,39232.0,,OO%,,OXX,,,,,4750.0,4999.0,40334.0,,OO%,,O%X,,,,,4750.0,4999.0,2000.0,2500.0,3400.0,3900.0
2025-08-08,799,1,,,,,44307.0,,OO%,,OXX,,,,,4750.0,4999.0,40790.0,,XXX,,OOX,,,,,12.0,2499.0,2000.0,2500.0,4300.0,4600.0
2025-08-08,799,2,,,,,44307.0,,OXX,,OO%,,,,,3500.0,4249.0,40790.0,,OXX,,OO%,,,,,3500.0,4249.0,4800.0,4950.0,4800.0,4950.0
2025-08-08,799,3,,,,,44307.0,,OO%,,OO%,,,,,4750.0,4999.0,40790.0,,XXX,,OOO,,,5000.0,,12.0,2499.0,4800.0,4950.0,5000.0,5000.0
2025-08-08,799,4,,,,,44307.0,,OO%,,O%X,,,,,4750.0,4999.0,40790.0,,OO%,,OOX,,,,,4750.0,4999.0,3400.0,3900.0,4300.0,4600.0
2025-08-08,799,5,,,,,44307.0,,OO%,,OO%,,,,,4750.0,4999.0,40790.0,,OO%,,OOX,,,,,4750.0,4999.0,4800.0,4950.0,4300.0,4600.0
2025-08-11,802,1,,,,,48360.0,,OOO,,OO%,,,,5000.0,5000.0,5000.0,38391.0,,OO%,,OO%,,,,,4750.0,4999.0,4800.0,4950.0,4800.0,4950.0
2025-08-11,802,2,,,,,48360.0,,OO%,,OOO,,,5000.0,,4750.0,4999.0,38391.0,,OO%,,OXX,,,,,4750.0,4999.0,5000.0,5000.0,2000.0,2500.0
2025-08-11,802,3,,,,,48360.0,,OO%,,OO%,,,,,4750.0,4999.0,38391.0,,%XX,,O%X,,,,,2500.0,3499.0,4800.0,4950.0,3400.0,3900.0
2025-08-11,802,4,,,,,48360.0,,OO%,,OO%,,,,,4750.0,4999.0,38391.0,,OO%,,OOO,,,5000.0,,4750.0,4999.0,4800.0,4950.0,5000.0,5000.0
2025-08-11,802,5,,,,,48360.0,,OO%,,O%X,,,,,4750.0,4999.0,38391.0,,OO%,,XXX,,,0.0,,4750.0,4999.0,3400.0,3900.0,0.0,0.0
2025-08-12,803,1,,,,,47202.0,,OOX,,OOX,,,,,4500.0,4749.0,37662.0,,OO%,,OOO,,,5000.0,,4750.0,4999.0,4300.0,4600.0,5000.0,5000.0
2025-08-12,803,2,,,,,47202.0,,OO%,,OOO,,,5000.0,,4750.0,4999.0,37662.0,,OXX,,OOO,,,5000.0,,3500.0,4249.0,5000.0,5000.0,5000.0,5000.0
2025-08-12,803,3,,,,,47202.0,,OO%,,OO%,,,,,4750.0,4999.0,37662.0,,XXX,,OO%,,,,,12.0,2499.0,4800.0,4950.0,4800.0,4950.0
2025-08-12,803,4,,,,,47202.0,,OO%,,OO%,,,,,4750.0,4999.0,37662.0,,OXX,,OO%,,,,,3500.0,4249.0,4800.0,4950.0,4800.0,4950.0
2025-08-12,803,5,,,,,47202.0,,OO%,,O%X,,,,,4750.0,4999.0,37662.0,,OOX,,XXX,,,0.0,,4500.0,4749.0,3400.0,3900.0,0.0,0.0
2025-08-13,804,1,,,,,40484.0,,OXX,,OO%,,,,,3500.0,4249.0,44463.0,,OOO,,OOX,,,,5000.0,5000.0,5000.0,4800.0,4950.0,4300.0,4600.0
2025-08-13,804,2,,,,,40484.0,,OO%,,OOO,,,5000.0,,4750.0,4999.0,44463.0,10000.0,OOO,,OOO,,,5000.0,5000.0,5000.0,5000.0,5000.0,5000.0,5000.0,5000.0
2025-08-13,804,3,,,,,40484.0,,OO%,,XXX,,,0.0,,4750.0,4999.0,44463.0,,OO%,,OOX,,,,,4750.0,4999.0,0.0,0.0,4300.0,4600.0
2025-08-13,804,4,,,,,40484.0,,OOO,,OXX,,,,5000.0,5000.0,5000.0,44463.0,,OOO,,OXX,,,,5000.0,5000.0,5000.0,2000.0,2500.0,2000.0,2500.0
2025-08-13,804,5,,,,,40484.0,,OOX,,OOO,,,5000.0,,4500.0,4749.0,44463.0,,O%X,,OOX,,,,,4250.0,4499.0,5000.0,5000.0,4300.0,4600.0
2025-08-14,805,1,,,,,31547.0,,O%X,,OXX,,,,,4250.0,4499.0,33849.0,,O%X,,XXX,,,0.0,,4250.0,4499.0,2000.0,2500.0,0.0,0.0
2025-08-14,805,2,,,,,31547.0,,OO%,,O%X,,,,,4750.0,4999.0,33849.0,,OXX,,OOX,,,,,3500.0,4249.0,3400.0,3900.0,4300.0,4600.0
2025-08-14,805,3,,,,,31547.0,,OO%,,OXX,,,,,4750.0,4999.0,33849.0,,OXX,,OO%,,,,,3500.0,4249.0,2000.0,2500.0,4800.0,4950.0
2025-08-14,805,4,,,,,31547.0,,OO%,,%XX,,,1000.0,,4750.0,4999.0,33849.0,,OO%,,OOX,,,,,4750.0,4999.0,1000.0,1000.0,4300.0,4600.0
2025-08-14,805,5,,,,,31547.0,,XXX,,O%X,,,,,12.0,2499.0,33849.0,,XXX,,OXX,,,,,12.0,2499.0,3400.0,3900.0,2000.0,2500.0
2025-08-15,806,1,,,,,45451.0,,OO%,,OOX,,,,,4750.0,4999.0,38448.0,,OO%,,OOX,,,,,4750.0,4999.0,4300.0,4600.0,4300.0,4600.0
2025-08-15,806,2,,,,,45451.0,,OO%,,OO%,,,,,4750.0,4999.0,38448.0,,OO%,,OXX,,,,,4750.0,4999.0,4800.0,4950.0,2000.0,2500.0
2025-08-15,806,3,,,,,45451.0,,OO%,,OXX,,,,,4750.0,4999.0,38448.0,,OO%,,OXX,,,,,4750.0,4999.0,2000.0,2500.0,2000.0,2500.0
2025-08-15,806,4,,,,,45451.0,,OO%,,OO%,,,,,4750.0,4999.0,38448.0,,OO%,,OXX,,,,,4750.0,4999.0,4800.0,4950.0,2000.0,2500.0
2025-08-15,806,5,,,,,45451.0,,OO%,,OOX,,,,,4750.0,4999.0,38448.0,,OOO,,OXX,,,,5000.0,5000.0,5000.0,4300.0,4600.0,2000.0,2500.0
2025-08-18,809,1,,,,,40676.0,9840.0,,15000.0,OOO,0.0,,5000.0,4840.0,4840.0,4840.0,39736.0,9087.0,,413400.0,OOO,0.0,,5000.0,4086.6,4086.6,4086.6,5000.0,5000.0,5000.0,5000.0
2025-08-18,809,2,,,,,40676.0,6874.0,,6400.0,OXX,15.0,,2000.0,4874.4,4874.4,4874.4,39736.0,4876.0,,6000.0,XXX,21.0,,0.0,4876.0,4876.0,4876.0,2000.0,2000.0,0.0,0.0
2025-08-18,809,3,,,,,40676.0,9189.0,,260600.00000000003,OO%,1.0,,4950.0,4239.4,4239.4,4239.4,39736.0,9989.0,,550.0,OOO,0.0,,5000.0,4989.0,4989.0,4989.0,4950.0,4950.0,5000.0,5000.0
2025-08-18,809,4,,,,,40676.0,9817.0,,8200.0,OO%,1.0,,4950.0,4867.2,4867.2,4867.2,39736.0,9784.0,,822.8,OO%,2.0,,4800.0,4983.544,4983.544,4983.544,4950.0,4950.0,4800.0,4800.0
2025-08-18,809,5,,,,,40676.0,4956.0,,1500.0,XXX,38.0,,0.0,4956.0,4956.0,4956.0,39736.0,6000.0,,7.1,%XX,16.0,,1000.0,5000.0,5000.0,5000.0,0.0,0.0,1000.0,1000.0
2025-08-19,810,1,,,,,33625.0,,OO%,,OOO,,,5000.0,,4750.0,4999.0,36696.0,,OO%,,OXX,,,,,4750.0,4999.0,5000.0,5000.0,2000.0,2500.0
2025-08-19,810,2,,,,,33625.0,,O%X,,OXX,,,,,4250.0,4499.0,36696.0,,%XX,,OO%,,,,,2500.0,3499.0,2000.0,2500.0,4800.0,4950.0
2025-08-19,810,3,,,,,33625.0,,OO%,,XXX,,,0.0,,4750.0,4999.0,36696.0,,OO%,,OXX,,,,,4750.0,4999.0,0.0,0.0,2000.0,2500.0
2025-08-19,810,4,,,,,33625.0,,XXX,,OOO,,,5000.0,,12.0,2499.0,36696.0,,OO%,,OXX,,,,,4750.0,4999.0,5000.0,5000.0,2000.0,2500.0
2025-08-19,810,5,,,,,33625.0,,XXX,,OO%,,,,,12.0,2499.0,36696.0,,%XX,,OOX,,,,,2500.0,3499.0,4800.0,4950.0,4300.0,4600.0
2025-08-20,811,1,,,,,45178.0,,OO%,,OOX,,,,,4750.0,4999.0,36938.0,,OO%,,XXX,,,0.0,,4750.0,4999.0,4300.0,4600.0,0.0,0.0
2025-08-20,811,2,,,,,45178.0,,OO%,,OO%,,,,,4750.0,4999.0,36938.0,,OO%,,OXX,,,,,4750.0,4999.0,4800.0,4950.0,2000.0,2500.0
2025-08-20,811,3,,,,,45178.0,,OO%,,OXX,,,,,4750.0,4999.0,36938.0,,OO%,,OOX,,,,,4750.0,4999.0,2000.0,2500.0,4300.0,4600.0
2025-08-20,811,4,,,,,45178.0,,OXX,,OOX,,,,,3500.0,4249.0,36938.0,,O%X,,O%X,,,,,4250.0,4499.0,4300.0,4600.0,3400.0,3900.0
2025-08-20,811,5,,,,,45178.0,,OOO,,OO%,,,,5000.0,5000.0,5000.0,36938.0,,OOO,,OXX,,,,5000.0,5000.0,5000.0,4800.0,4950.0,2000.0,2500.0
2025-08-26,817,1,,,,,40396.0,,OO%,,OO%,,,,,4750.0,4999.0,41463.0,,OO%,,OOX,,,,,4750.0,4999.0,4800.0,4950.0,4300.0,4600.0
2025-08-26,817,2,,,,,40396.0,,OXX,,XXX,,,0.0,,3500.0,4249.0,41463.0,,OXX,,OO%,,,,,3500.0,4249.0,0.0,0.0,4800.0,4950.0
2025-08-26,817,3,,,,,40396.0,,OO%,,OOO,,,5000.0,,4750.0,4999.0,41463.0,,%XX,,OOO,,,5000.0,,2500.0,3499.0,5000.0,5000.0,5000.0,5000.0
2025-08-26,817,4,,,,,40396.0,,O%X,,O%X,,,,,4250.0,4499.0,41463.0,,O%X,,O%X,,,,,4250.0,4499.0,3400.0,3900.0,3400.0,3900.0
2025-08-26,817,5,,,,,40396.0,,OOO,,O%X,,,,5000.0,5000.0,5000.0,41463.0,,OOO,,OXX,,,,5000.0,5000.0,5000.0,3400.0,3900.0,2000.0,2500.0
2025-08-27,818,1,,,,,45153.0,,OO%,,OOO,,,5000.0,,4750.0,4999.0,38707.0,,OO%,,OO%,,,,,4750.0,4999.0,5000.0,5000.0,4800.0,4950.0
2025-08-27,818,2,,,,,45153.0,,OO%,,O%X,,,,,4750.0,4999.0,38707.0,,OO%,,O%X,,,,,4750.0,4999.0,3400.0,3900.0,3400.0,3900.0
2025-08-27,818,3,,,,,45153.0,,OO%,,OOX,,,,,4750.0,4999.0,38707.0,,O%X,,OXX,,,,,4250.0,4499.0,4300.0,4600.0,2000.0,2500.0
2025-08-27,818,4,,,,,45153.0,,OXX,,OOX,,,,,3500.0,4249.0,38707.0,,OO%,,OXX,,,,,4750.0,4999.0,4300.0,4600.0,2000.0,2500.0
2025-08-27,818,5,,,,,45153.0,,O%X,,O%X,,,,,4250.0,4499.0,38707.0,,XXX,,OOX,,,,,12.0,2499.0,3400.0,3900.0,4300.0,4600.0
2025-08-28,819,1,,,,,34499.0,,O%X,,OXX,,,,,4250.0,4499.0,29002.0,,XXX,,O%X,,,,,12.0,2499.0,2000.0,2500.0,3400.0,3900.0
2025-08-28,819,2,,,,,34499.0,,OO%,,OO%,,,,,4750.0,4999.0,29002.0,,OO%,,OO%,,,,,4750.0,4999.0,4800.0,4950.0,4800.0,4950.0
2025-08-28,819,3,,,,,34499.0,,OO%,,OO%,,,,,4750.0,4999.0,29002.0,,XXX,,OXX,,,,,12.0,2499.0,4800.0,4950.0,2000.0,2500.0
2025-08-28,819,4,,,,,34499.0,,XXX,,OXX,,,,,12.0,2499.0,29002.0,,XXX,,OXX,,,,,12.0,2499.0,2000.0,2500.0,2000.0,2500.0
2025-08-28,819,5,,,,,34499.0,,OXX,,XXX,,,0.0,,3500.0,4249.0,29002.0,,%XX,,OOX,,,,,2500.0,3499.0,0.0,0.0,4300.0,4600.0
2025-08-29,820,1,,,,,41071.0,,OO%,,OOO,,,5000.0,,4750.0,4999.0,45579.0,,OO%,,OOO,,,5000.0,,4750.0,4999.0,5000.0,5000.0,5000.0,5000.0
2025-08-29,820,2,,,,,41071.0,,OO%,,OO%,,,,,4750.0,4999.0,45579.0,,OO%,,OO%,,,,,4750.0,4999.0,4800.0,4950.0,4800.0,4950.0
2025-08-29,820,3,,,,,41071.0,,OO%,,OXX,,,,,4750.0,4999.0,45579.0,,OO%,,O%X,,,,,4750.0,4999.0,2000.0,2500.0,3400.0,3900.0
2025-08-29,820,4,,,,,41071.0,,O%X,,OXX,,,,,4250.0,4499.0,45579.0,,O%X,,OO%,,,,,4250.0,4499.0,2000.0,2500.0,4800.0,4950.0
2025-08-29,820,5,,,,,41071.0,,OOO,,OXX,,,,5000.0,5000.0,5000.0,45579.0,,OO%,,O%X,,,,,4750.0,4999.0,2000.0,2500.0,3400.0,3900.0
2025-09-03,825,1,,,,,42099.0,,OO%,,O%X,,,,,4750.0,4999.0,42833.0,,OO%,,OOO,,,5000.0,,4750.0,4999.0,3400.0,3900.0,5000.0,5000.0
2025-09-03,825,2,,,,,42099.0,,OXX,,O%X,,,,,3500.0,4249.0,42833.0,,OO%,,OOX,,,,,4750.0,4999.0,3400.0,3900.0,4300.0,4600.0
2025-09-03,825,3,,,,,42099.0,,OO%,,OO%,,,,,4750.0,4999.0,42833.0,,OO%,,O%X,,,,,4750.0,4999.0,4800.0,4950.0,3400.0,3900.0
2025-09-03,825,4,,,,,42099.0,,OO%,,OXX,,,,,4750.0,4999.0,42833.0,,OO%,,OOX,,,,,4750.0,4999.0,2000.0,2500.0,4300.0,4600.0
2025-09-03,825,5,,,,,42099.0,,OO%,,O%X,,,,,4750.0,4999.0,42833.0,,OXX,,OXX,,,,,3500.0,4249.0,3400.0,3900.0,2000.0,2500.0
2025-09-04,826,1,,,,,40807.0,,OOX,,OO%,,,,,4500.0,4749.0,,,,,,,,,,,,4800.0,4950.0,,
2025-09-04,826,2,,,,,40807.0,,OXX,,O%X,,,,,3500.0,4249.0,,,,,,,,,,,,3400.0,3900.0,,
2025-09-04,826,3,,,,,40807.0,,OO%,,OOX,,,,,4750.0,4999.0,,,,,,,,,,,,4300.0,4600.0,,
2025-09-04,826,4,,,,,40807.0,,OO%,,O%X,,,,,4750.0,4999.0,,,,,,,,,,,,3400.0,3900.0,,
2025-09-04,826,5,,,,,40807.0,,OO%,,%XX,,,1000.0,,4750.0,4999.0,,,,,,,,,,,,1000.0,1000.0,,
2025-09-05,827,1,,,,,37575.0,,O%X,,OXX,,,,,4250.0,4499.0,33235.0,,OO%,,OXX,,,,,4750.0,4999.0,2000.0,2500.0,2000.0,2500.0
2025-09-05,827,2,,,,,37575.0,,OO%,,OOX,,,,,4750.0,4999.0,33235.0,,OO%,,OOX,,,,,4750.0,4999.0,4300.0,4600.0,4300.0,4600.0
2025-09-05,827,3,,,,,37575.0,,%XX,,OOO,,,5000.0,,2500.0,3499.0,33235.0,,%XX,,O%X,,,,,2500.0,3499.0,5000.0,5000.0,3400.0,3900.0
2025-09-05,827,4,,,,,37575.0,,OO%,,OOX,,,,,4750.0,4999.0,33235.0,,XXX,,OXX,,,,,12.0,2499.0,4300.0,4600.0,2000.0,2500.0
2025-09-05,827,5,,,,,37575.0,,OXX,,XXX,,,0.0,,3500.0,4249.0,33235.0,,OXX,,O%X,,,,,3500.0,4249.0,0.0,0.0,3400.0,3900.0
2025-09-08,830,1,,,,,42175.0,,O%X,,OO%,,,,,4250.0,4499.0,25016.0,,XXX,,%XX,,,1000.0,,12.0,2499.0,4800.0,4950.0,1000.0,1000.0
2025-09-08,830,2,,,,,42175.0,,%XX,,O%X,,,,,2500.0,3499.0,25016.0,,XXX,,O%X,,,,,12.0,2499.0,3400.0,3900.0,3400.0,3900.0
2025-09-08,830,3,,,,,42175.0,,OO%,,OXX,,,,,4750.0,4999.0,25016.0,,OO%,,%XX,,,1000.0,,4750.0,4999.0,2000.0,2500.0,1000.0,1000.0
2025-09-08,830,4,,,,,42175.0,,OO%,,OO%,,,,,4750.0,4999.0,25016.0,,OO%,,O%X,,,,,4750.0,4999.0,4800.0,4950.0,3400.0,3900.0
2025-09-08,830,5,,,,,42175.0,,O%X,,OOO,,,5000.0,,4250.0,4499.0,25016.0,,OXX,,XXX,,,0.0,,3500.0,4249.0,5000.0,5000.0,0.0,0.0
2025-09-09,831,1,,,,,39206.0,,OXX,,OO%,,,,,3500.0,4249.0,,,,,,,,,,,,4800.0,4950.0,,
2025-09-09,831,2,,,,,39206.0,,OO%,,OXX,,,,,4750.0,4999.0,,,,,,,,,,,,2000.0,2500.0,,
2025-09-09,831,3,,,,,39206.0,,OO%,,O%X,,,,,4750.0,4999.0,,,,,,,,,,,,3400.0,3900.0,,
2025-09-09,831,4,,,,,39206.0,,XXX,,OO%,,,,,12.0,2499.0,,,,,,,,,,,,4800.0,4950.0,,
2025-09-09,831,5,,,,,39206.0,,OO%,,OOO,,,5000.0,,4750.0,4999.0,,,,,,,,,,,,5000.0,5000.0,,
2025-09-10,832,1,,,,,36536.0,,OO%,,OXX,,,,,4750.0,4999.0,39192.0,,OO%,,OO%,,,,,4750.0,4999.0,2000.0,2500.0,4800.0,4950.0
2025-09-10,832,2,,,,,36536.0,,%XX,,OOO,,,5000.0,,2500.0,3499.0,39192.0,,OO%,,OOO,,,5000.0,,4750.0,4999.0,5000.0,5000.0,5000.0,5000.0
2025-09-10,832,3,,,,,36536.0,,OXX,,O%X,,,,,3500.0,4249.0,39192.0,,OXX,,XXX,,,0.0,,3500.0,4249.0,3400.0,3900.0,0.0,0.0
2025-09-10,832,4,,,,,36536.0,,OXX,,OXX,,,,,3500.0,4249.0,39192.0,,O%X,,%XX,,,1000.0,,4250.0,4499.0,2000.0,2500.0,1000.0,1000.0
2025-09-10,832,5,,,,,36536.0,,OOO,,O%X,,,,5000.0,5000.0,5000.0,39192.0,,OO%,,OO%,,,,,4750.0,4999.0,3400.0,3900.0,4800.0,4950.0
2025-09-11,833,1,,,,,43049.0,,OO%,,OOO,,,5000.0,,4750.0,4999.0,,,,,,,,,,,,5000.0,5000.0,,
2025-09-11,833,2,,,,,43049.0,,OO%,,O%X,,,,,4750.0,4999.0,,,,,,,,,,,,3400.0,3900.0,,
2025-09-11,833,3,,,,,43049.0,,OOO,,O%X,,,,5000.0,5000.0,5000.0,,,,,,,,,,,,3400.0,3900.0,,
2025-09-11,833,4,,,,,43049.0,,OO%,,OXX,,,,,4750.0,4999.0,,,,,,,,,,,,2000.0,2500.0,,
2025-09-11,833,5,,,,,43049.0,,OO%,,O%X,,,,,4750.0,4999.0,,,,,,,,,,,,3400.0,3900.0,,
2025-09-12,834,1,,,,,35407.0,,OOO,,OXX,,,,5000.0,5000.0,5000.0,37892.0,,OO%,,OXX,,,,,4750.0,4999.0,2000.0,2500.0,2000.0,2500.0
2025-09-12,834,2,,,,,35407.0,,OO%,,O%X,,,,,4750.0,4999.0,37892.0,,%XX,,OOX,,,,,2500.0,3499.0,3400.0,3900.0,4300.0,4600.0
2025-09-12,834,3,,,,,35407.0,,OO%,,%XX,,,1000.0,,4750.0,4999.0,37892.0,,OO%,,O%X,,,,,4750.0,4999.0,1000.0,1000.0,3400.0,3900.0
2025-09-12,834,4,,,,,35407.0,,OO%,,OXX,,,,,4750.0,4999.0,37892.0,,OO%,,O%X,,,,,4750.0,4999.0,2000.0,2500.0,3400.0,3900.0
2025-09-12,834,5,,,,,35407.0,,OOX,,OXX,,,,,4500.0,4749.0,37892.0,,OXX,,OXX,,,,,3500.0,4249.0,2000.0,2500.0,2000.0,2500.0
2025-09-15,837,1,,,,,45488.0,,OO%,,OO%,,,,,4750.0,4999.0,44976.0,,OO%,,OO%,,,,,4750.0,4999.0,4800.0,4950.0,4800.0,4950.0
2025-09-15,837,2,,,,,45488.0,,O%X,,OXX,,,,,4250.0,4499.0,44976.0,,O%X,,OXX,,,,,4250.0,4499.0,2000.0,2500.0,2000.0,2500.0
2025-09-15,837,3,,,,,45488.0,,OO%,,OO%,,,,,4750.0,4999.0,44976.0,,OO%,,OO%,,,,,4750.0,4999.0,4800.0,4950.0,4800.0,4950.0
2025-09-15,837,4,,,,,45488.0,,O%X,,OOO,,,5000.0,,4250.0,4499.0,44976.0,,OXX,,OO%,,,,,3500.0,4249.0,5000.0,5000.0,4800.0,4950.0
2025-09-15,837,5,,,,,45488.0,,OO%,,OO%,,,,,4750.0,4999.0,44976.0,,OO%,,OO%,,,,,4750.0,4999.0,4800.0,4950.0,4800.0,4950.0
2025-09-16,838,1,,,,,47263.0,,OO%,,OOO,,,5000.0,,4750.0,4999.0,37010.0,,OO%,,OOO,,,5000.0,,4750.0,4999.0,5000.0,5000.0,5000.0,5000.0
2025-09-16,838,2,,,,,47263.0,,OO%,,O%X,,,,,4750.0,4999.0,37010.0,,OO%,,OXX,,,,,4750.0,4999.0,3400.0,3900.0,2000.0,2500.0
2025-09-16,838,3,,,,,47263.0,10000.0,OOO,,OOO,,,5000.0,5000.0,5000.0,5000.0,37010.0,,XXX,,OOX,,,,,12.0,2499.0,5000.0,5000.0,4300.0,4600.0
2025-09-16,838,4,,,,,47263.0,,OO%,,O%X,,,,,4750.0,4999.0,37010.0,,OO%,,OXX,,,,,4750.0,4999.0,3400.0,3900.0,2000.0,2500.0
2025-09-16,838,5,,,,,47263.0,,OO%,,OOX,,,,,4750.0,4999.0,37010.0,,OO%,,OXX,,,,,4750.0,4999.0,4300.0,4600.0,2000.0,2500.0
2025-09-17,839,1,,,,,39046.0,,OO%,,OOO,,,5000.0,,4750.0,4999.0,40822.0,,OO%,,O%X,,,,,4750.0,4999.0,5000.0,5000.0,3400.0,3900.0
2025-09-17,839,2,,,,,39046.0,,O%X,,%XX,,,1000.0,,4250.0,4499.0,40822.0,,O%X,,O%X,,,,,4250.0,4499.0,1000.0,1000.0,3400.0,3900.0
2025-09-17,839,3,,,,,39046.0,,OO%,,OXX,,,,,4750.0,4999.0,40822.0,,OO%,,OXX,,,,,4750.0,4999.0,2000.0,2500.0,2000.0,2500.0
2025-09-17,839,4,,,,,39046.0,,OXX,,OXX,,,,,3500.0,4249.0,40822.0,,OO%,,OXX,,,,,4750.0,4999.0,2000.0,2500.0,2000.0,2500.0
2025-09-17,839,5,,,,,39046.0,,OO%,,OOO,,,5000.0,,4750.0,4999.0,40822.0,,OO%,,OOX,,,,,4750.0,4999.0,5000.0,5000.0,4300.0,4600.0
2025-09-18,840,1,,,,,43535.0,,OO%,,OOO,,,5000.0,,4750.0,4999.0,,,,,,,,,,,,5000.0,5000.0,,
2025-09-18,840,2,,,,,43535.0,,XXX,,OO%,,,,,12.0,2499.0,,,,,,,,,,,,4800.0,4950.0,,
2025-09-18,840,3,,,,,43535.0,,OO%,,OO%,,,,,4750.0,4999.0,,,,,,,,,,,,4800.0,4950.0,,
2025-09-18,840,4,,,,,43535.0,,OOX,,OOX,,,,,4500.0,4749.0,,,,,,,,,,,,4300.0,4600.0,,
2025-09-18,840,5,,,,,43535.0,,OXX,,O%X,,,,,3500.0,4249.0,,,,,,,,,,,,3400.0,3900.0,,
2025-09-19,841,1,,,,,46562.0,,OO%,,OOO,,,5000.0,,4750.0,4999.0,40955.0,10000.0,OOO,,OOO,,,5000.0,5000.0,5000.0,5000.0,5000.0,5000.0,5000.0,5000.0
2025-09-19,841,2,,,,,46562.0,,OO%,,O%X,,,,,4750.0,4999.0,40955.0,,OO%,,OXX,,,,,4750.0,4999.0,3400.0,3900.0,2000.0,2500.0
2025-09-19,841,3,,,,,46562.0,,OOO,,O%X,,,,5000.0,5000.0,5000.0,40955.0,,OO%,,OO%,,,,,4750.0,4999.0,3400.0,3900.0,4800.0,4950.0
2025-09-19,841,4,,,,,46562.0,,OO%,,OO%,,,,,4750.0,4999.0,40955.0,,OO%,,XXX,,,0.0,,4750.0,4999.0,4800.0,4950.0,0.0,0.0
2025-09-19,841,5,,,,,46562.0,,OO%,,OOO,,,5000.0,,4750.0,4999.0,40955.0,,OXX,,OOO,,,5000.0,,3500.0,4249.0,5000.0,5000.0,5000.0,5000.0
2025-09-22,844,1,,,,,42277.0,,OO%,,OOO,,,5000.0,,4750.0,4999.0,47145.0,,OO%,,OOO,,,5000.0,,4750.0,4999.0,5000.0,5000.0,5000.0,5000.0
2025-09-22,844,2,,,,,42277.0,,XXX,,O%X,,,,,12.0,2499.0,47145.0,,OO%,,OOX,,,,,4750.0,4999.0,3400.0,3900.0,4300.0,4600.0
2025-09-22,844,3,,,,,42277.0,,OO%,,OOX,,,,,4750.0,4999.0,47145.0,,OO%,,OOX,,,,,4750.0,4999.0,4300.0,4600.0,4300.0,4600.0
2025-09-22,844,4,,,,,42277.0,,OO%,,OOO,,,5000.0,,4750.0,4999.0,47145.0,,OO%,,O%X,,,,,4750.0,4999.0,5000.0,5000.0,3400.0,3900.0
2025-09-22,844,5,,,,,42277.0,,OO%,,OOX,,,,,4750.0,4999.0,47145.0,,OO%,,OOX,,,,,4750.0,4999.0,4300.0,4600.0,4300.0,4600.0
2025-09-24,846,1,,,,,,,,,,,,,,,,39400.0,,O%X,,OOO,,,5000.0,,4250.0,4499.0,,,5000.0,5000.0
2025-09-24,846,2,,,,,,,,,,,,,,,,39400.0,,OO%,,OOX,,,,,4750.0,4999.0,,,4300.0,4600.0
2025-09-24,846,3,,,,,,,,,,,,,,,,39400.0,,%XX,,OXX,,,,,2500.0,3499.0,,,2000.0,2500.0
2025-09-24,846,4,,,,,,,,,,,,,,,,39400.0,,OO%,,OXX,,,,,4750.0,4999.0,,,2000.0,2500.0
2025-09-24,846,5,,,,,,,,,,,,,,,,39400.0,,OOO,,O%X,,,,5000.0,5000.0,5000.0,,,3400.0,3900.0
2025-09-25,847,1,,,,,41217.0,,OO%,,OXX,,,,,4750.0,4999.0,41148.0,,OO%,,OO%,,,,,4750.0,4999.0,2000.0,2500.0,4800.0,4950.0
2025-09-25,847,2,,,,,41217.0,,O%X,,OXX,,,,,4250.0,4499.0,41148.0,,OXX,,OXX,,,,,3500.0,4249.0,2000.0,2500.0,2000.0,2500.0
2025-09-25,847,3,,,,,41217.0,,OXX,,OOX,,,,,3500.0,4249.0,41148.0,,OO%,,OOO,,,5000.0,,4750.0,4999.0,4300.0,4600.0,5000.0,5000.0
2025-09-25,847,4,,,,,41217.0,,OO%,,OOX,,,,,4750.0,4999.0,41148.0,,XXX,,O%X,,,,,12.0,2499.0,4300.0,4600.0,3400.0,3900.0
2025-09-25,847,5,,,,,41217.0,,OO%,,OO%,,,,,4750.0,4999.0,41148.0,,OOX,,OO%,,,,,4500.0,4749.0,4800.0,4950.0,4800.0,4950.0
2025-09-26,848,1,,,,,,,,,,,,,,,,36690.0,,OO%,,XXX,,,0.0,,4750.0,4999.0,,,0.0,0.0
2025-09-26,848,2,,,,,,,,,,,,,,,,36690.0,,OO%,,OOO,,,5000.0,,4750.0,4999.0,,,5000.0,5000.0
2025-09-26,848,3,,,,,,,,,,,,,,,,36690.0,,OO%,,OXX,,,,,4750.0,4999.0,,,2000.0,2500.0
2025-09-26,848,4,,,,,,,,,,,,,,,,36690.0,,OO%,,%XX,,,1000.0,,4750.0,4999.0,,,1000.0,1000.0
2025-09-26,848,5,,,,,,,,,,,,,,,,36690.0,,OXX,,OO%,,,,,3500.0,4249.0,,,4800.0,4950.0
2025-10-02,854,1,,,,,34412.0,,XXX,,OXX,,,,,12.0,2499.0,22298.0,,XXX,,OXX,,,,,12.0,2499.0,2000.0,2500.0,2000.0,2500.0
2025-10-02,854,2,,,,,34412.0,,OO%,,OXX,,,,,4750.0,4999.0,22298.0,,OO%,,%XX,,,1000.0,,4750.0,4999.0,2000.0,2500.0,1000.0,1000.0
2025-10-02,854,3,,,,,34412.0,,OO%,,OXX,,,,,4750.0,4999.0,22298.0,,OXX,,OXX,,,,,3500.0,4249.0,2000.0,2500.0,2000.0,2500.0
2025-10-02,854,4,,,,,34412.0,,O%X,,OXX,,,,,4250.0,4499.0,22298.0,,XXX,,%XX,,,1000.0,,12.0,2499.0,2000.0,2500.0,1000.0,1000.0
2025-10-02,854,5,,,,,34412.0,,OOO,,OOX,,,,5000.0,5000.0,5000.0,22298.0,,OOO,,OXX,,,,5000.0,5000.0,5000.0,4300.0,4600.0,2000.0,2500.0
2025-10-03,855,1,,,,,43135.0,,OO%,,OO%,,,,,4750.0,4999.0,38666.0,,OOO,,OOX,,,,5000.0,5000.0,5000.0,4800.0,4950.0,4300.0,4600.0
2025-10-03,855,2,,,,,43135.0,,OO%,,OXX,,,,,4750.0,4999.0,38666.0,,OO%,,O%X,,,,,4750.0,4999.0,2000.0,2500.0,3400.0,3900.0
2025-10-03,855,3,,,,,43135.0,,OXX,,OOO,,,5000.0,,3500.0,4249.0,38666.0,,OXX,,OOO,,,5000.0,,3500.0,4249.0,5000.0,5000.0,5000.0,5000.0
2025-10-03,855,4,,,,,43135.0,,OXX,,O%X,,,,,3500.0,4249.0,38666.0,,OXX,,OXX,,,,,3500.0,4249.0,3400.0,3900.0,2000.0,2500.0
2025-10-03,855,5,,,,,43135.0,,OO%,,OO%,,,,,4750.0,4999.0,38666.0,,XXX,,OOX,,,,,12.0,2499.0,4800.0,4950.0,4300.0,4600.0
2025-10-06,858,1,,,,,42348.0,,OXX,,OOO,,,5000.0,,3500.0,4249.0,,,,,,,,,,,,5000.0,5000.0,,
2025-10-06,858,2,,,,,42348.0,,OO%,,XXX,,,0.0,,4750.0,4999.0,,,,,,,,,,,,0.0,0.0,,
2025-10-06,858,3,,,,,42348.0,,OO%,,OOO,,,5000.0,,4750.0,4999.0,,,,,,,,,,,,5000.0,5000.0,,
2025-10-06,858,4,,,,,42348.0,,OO%,,OO%,,,,,4750.0,4999.0,,,,,,,,,,,,4800.0,4950.0,,
2025-10-06,858,5,,,,,42348.0,,OXX,,OO%,,,,,3500.0,4249.0,,,,,,,,,,,,4800.0,4950.0,,
2025-10-07,859,1,,,,,44315.0,10000.0,OOO,,OOO,,,5000.0,5000.0,5000.0,5000.0,37360.0,10000.0,OOO,,OOO,,,5000.0,5000.0,5000.0,5000.0,5000.0,5000.0,5000.0,5000.0
2025-10-07,859,2,,,,,44315.0,,OO%,,OOX,,,,,4750.0,4999.0,37360.0,,OO%,,OOX,,,,,4750.0,4999.0,4300.0,4600.0,4300.0,4600.0
2025-10-07,859,3,,,,,44315.0,,OXX,,OOO,,,5000.0,,3500.0,4249.0,37360.0,,OXX,,OXX,,,,,3500.0,4249.0,5000.0,5000.0,2000.0,2500.0
2025-10-07,859,4,,,,,44315.0,,OO%,,OXX,,,,,4750.0,4999.0,37360.0,,OO%,,XXX,,,0.0,,4750.0,4999.0,2000.0,2500.0,0.0,0.0
2025-10-07,859,5,,,,,44315.0,,O%X,,OO%,,,,,4250.0,4499.0,37360.0,,O%X,,OXX,,,,,4250.0,4499.0,4800.0,4950.0,2000.0,2500.0
2025-10-08,860,1,,,,,39753.0,,OO%,,OXX,,,,,4750.0,4999.0,37859.0,,OO%,,OXX,,,,,4750.0,4999.0,2000.0,2500.0,2000.0,2500.0
2025-10-08,860,2,,,,,39753.0,,XXX,,OOO,,,5000.0,,12.0,2499.0,37859.0,,XXX,,OO%,,,,,12.0,2499.0,5000.0,5000.0,4800.0,4950.0
2025-10-08,860,3,,,,,39753.0,,OO%,,OO%,,,,,4750.0,4999.0,37859.0,,OO%,,OXX,,,,,4750.0,4999.0,4800.0,4950.0,2000.0,2500.0
2025-10-08,860,4,,,,,39753.0,,OO%,,OOO,,,5000.0,,4750.0,4999.0,37859.0,,OO%,,OO%,,,,,4750.0,4999.0,5000.0,5000.0,4800.0,4950.0
2025-10-08,860,5,,,,,39753.0,,OOX,,OXX,,,,,4500.0,4749.0,37859.0,,OXX,,OOX,,,,,3500.0,4249.0,2000.0,2500.0,4300.0,4600.0
2025-10-09,861,1,,,,,46643.0,10000.0,OOO,,OOO,,,5000.0,5000.0,5000.0,5000.0,37165.0,,OO%,,OXX,,,,,4750.0,4999.0,5000.0,5000.0,2000.0,2500.0
2025-10-09,861,2,,,,,46643.0,,OO%,,OO%,,,,,4750.0,4999.0,37165.0,,OXX,,OOX,,,,,3500.0,4249.0,4800.0,4950.0,4300.0,4600.0
2025-10-09,861,3,,,,,46643.0,,OO%,,OO%,,,,,4750.0,4999.0,37165.0,,OO%,,XXX,,,0.0,,4750.0,4999.0,4800.0,4950.0,0.0,0.0
2025-10-09,861,4,,,,,46643.0,,OO%,,OXX,,,,,4750.0,4999.0,37165.0,,OOO,,OOX,,,,5000.0,5000.0,5000.0,2000.0,2500.0,4300.0,4600.0
2025-10-09,861,5,,,,,46643.0,,O%X,,OO%,,,,,4250.0,4499.0,37165.0,,%XX,,OOO,,,5000.0,,2500.0,3499.0,4800.0,4950.0,5000.0,5000.0
2025-10-10,862,1,London,England,United Kingdom,1970.0,36512.0,8359.2,OO%,1300.0,O%X,7.0,1977.0,3400.0,4959.2,4959.2,4959.2,39532.0,,OO%,,OO%,,,,,4750.0,4999.0,3400.0,3400.0,4800.0,4950.0
2025-10-10,862,2,Helsinki,,Finland,1926.0,36512.0,8396.016,OO%,199.2,O%X,6.0,1920.0,3400.0,4996.016,4996.016,4996.016,39532.0,,%XX,,OXX,,,,,2500.0,3499.0,3400.0,3400.0,2000.0,2500.0
2025-10-10,862,3,Pyongyang,,North Korea,1994.0,36512.0,6957.6,OO%,1400.0,OXX,12.0,1982.0,2000.0,4957.6,4957.6,4957.6,39532.0,,OO%,,OXX,,,,,4750.0,4999.0,2000.0,2000.0,2000.0,2500.0
2025-10-10,862,4,Chicago,Illinois,United States,1940.0,36512.0,2926.95,%XX,1146100.0,XXX,28.0,1968.0,0.0,2926.95,2926.95,2926.95,39532.0,,OOO,,OXX,,,,5000.0,5000.0,5000.0,0.0,0.0,2000.0,2500.0
2025-10-10,862,5,Paris,Ile-de-France,France,2025.0,36512.0,9871.2,OO%,7200.0,OOO,0.0,2025.0,5000.0,4871.2,4871.2,4871.2,39532.0,,OO%,,OOO,,,5000.0,,4750.0,4999.0,5000.0,5000.0,5000.0,5000.0
2025-10-13,865,1,Zurich,,Switzerland,1953.0,44265.0,6740.4,OOX,39900.0,OXX,14.0,1967.0,2000.0,4740.4,4740.4,4740.4,33890.0,,OO%,,OOX,,,,,4750.0,4999.0,2000.0,2000.0,4300.0,4600.0
2025-10-13,865,2,Helsinki,,Finland,1926.0,44265.0,9935.2,OO%,2800.0,OOO,0.0,1926.0,5000.0,4935.2,4935.2,4935.2,33890.0,,OXX,,OOO,,,5000.0,,3500.0,4249.0,5000.0,5000.0,5000.0,5000.0
2025-10-13,865,3,St. George's,,Grenada,1983.0,44265.0,9945.396,OO%,230.2,OO%,1.0,1982.0,4950.0,4995.396,4995.396,4995.396,33890.0,,OO%,,OXX,,,,,4750.0,4999.0,4950.0,4950.0,2000.0,2500.0
2025-10-13,865,4,Baghdad,,Iraq,2017.0,44265.0,8385.887999999999,OO%,705.6,O%X,6.0,2023.0,3400.0,4985.888,4985.888,4985.888,33890.0,,OXX,,OO%,,,,,3500.0,4249.0,3400.0,3400.0,4800.0,4950.0
2025-10-13,865,5,Trinity Test Site,New Mexico,United States,1945.0,44265.0,9259.2,O%X,240800.0,OOO,0.0,1945.0,5000.0,4259.2,4259.2,4259.2,33890.0,,XXX,,XXX,,,0.0,,12.0,2499.0,5000.0,5000.0,0.0,0.0
2025-10-14,866,1,Budapest,,Hungary,1956.0,48153.0,9954.4,OO%,1600.0,OOO,0.0,1956.0,5000.0,4954.4,4954.4,4954.4,36496.0,,OO%,,OOX,,,,,4750.0,4999.0,5000.0,5000.0,4300.0,4600.0
2025-10-14,866,2,Sarajevo,,Bosnia,1984.0,48153.0,10000.0,OOO,28.1,OOO,0.0,1984.0,5000.0,5000.0,5000.0,5000.0,36496.0,,OO%,,O%X,,,,,4750.0,4999.0,5000.0,5000.0,3400.0,3900.0
2025-10-14,866,3,Manchester,New Hampshire,United States,1918.0,48153.0,9798.838,OO%,58.1,OO%,2.0,1916.0,4800.0,4998.838,4998.838,4998.838,36496.0,,XXX,,OOO,,,5000.0,,12.0,2499.0,4800.0,4800.0,5000.0,5000.0
2025-10-14,866,4,Brisbane,Queensland,Australia,1910.0,48153.0,8893.282,OO%,335.9,O%X,5.0,1905.0,3900.0,4993.282,4993.282,4993.282,36496.0,,%XX,,OO%,,,,,2500.0,3499.0,3900.0,3900.0,4800.0,4950.0
2025-10-14,866,5,Collana,,Bolivia,2012.0,48153.0,9506.8,OOX,48300.0,OO%,2.0,2014.0,4800.0,4706.8,4706.8,4706.8,36496.0,,OOX,,%XX,,,1000.0,,4500.0,4749.0,4800.0,4800.0,1000.0,1000.0
2025-10-15,867,1,Lisbon,,Portugal,1935.0,38244.0,9947.054,OO%,147.3,OO%,1.0,1936.0,4950.0,4997.054,4997.054,4997.054,42994.0,,OO%,,O%X,,,,,4750.0,4999.0,4950.0,4950.0,3400.0,3900.0
2025-10-15,867,2,Tokyo,,Japan,2008.0,38244.0,10000.0,OOO,46.4,OOO,0.0,2008.0,5000.0,5000.0,5000.0,5000.0,42994.0,,OO%,,OOO,,,5000.0,,4750.0,4999.0,5000.0,5000.0,5000.0,5000.0
2025-10-15,867,3,Brussels,,Belgium,1982.0,38244.0,8362.4,OO%,1100.0,O%X,6.0,1976.0,3400.0,4962.4,4962.4,4962.4,42994.0,,OO%,,%XX,,,1000.0,,4750.0,4999.0,3400.0,3400.0,1000.0,1000.0
2025-10-15,867,4,New Orleans,Louisiana,United States,1943.0,38244.0,6990.588,OO%,470.6,OXX,15.0,1958.0,2000.0,4990.588,4990.588,4990.588,42994.0,,OO%,,O%X,,,,,4750.0,4999.0,2000.0,2000.0,3400.0,3900.0
2025-10-15,867,5,Mexico City,,Mexico,1962.0,38244.0,2942.5,%XX,1115000.0,XXX,36.0,1998.0,0.0,2942.5,2942.5,2942.5,42994.0,,OO%,,OO%,,,,,4750.0,4999.0,0.0,0.0,4800.0,4950.0
2025-10-16,868,1,London,England,United Kingdom,1970.0,40986.0,9384.4,OOX,78900.0,OO%,2.0,1972.0,4800.0,4584.4,4584.4,4584.4,31389.0,,XXX,,XXX,,,0.0,,12.0,2499.0,4800.0,4800.0,0.0,0.0
2025-10-16,868,2,Katowice,,Poland,1929.0,40986.0,6201.1,OXX,298900.0,OXX,13.0,1916.0,2000.0,4201.1,4201.1,4201.1,31389.0,,OXX,,OXX,,,,,3500.0,4249.0,2000.0,2000.0,2000.0,2500.0
2025-10-16,868,3,Edmonton,Alberta,Canada,1913.0,40986.0,8400.0,OOO,14.5,O%X,6.0,1907.0,3400.0,5000.0,5000.0,5000.0,31389.0,,OO%,,O%X,,,,,4750.0,4999.0,3400.0,3400.0,3400.0,3900.0
2025-10-16,868,4,Venice,,Italy,1973.0,40986.0,7000.0,OOO,46.0,OXX,11.0,1962.0,2000.0,5000.0,5000.0,5000.0,31389.0,,OO%,,O%X,,,,,4750.0,4999.0,2000.0,2000.0,3400.0,3900.0
2025-10-16,868,5,Memphis,Tennessee,United States,2025.0,40986.0,10000.0,OOO,29.4,OOO,0.0,2025.0,5000.0,5000.0,5000.0,5000.0,31389.0,,%XX,,OOO,,,5000.0,,2500.0,3499.0,5000.0,5000.0,5000.0,5000.0
2025-10-17,869,1,Heemskerk,,Netherlands,1990.0,41478.0,4816.8,OO%,20800.0,XXX,22.0,1968.0,0.0,4816.8,4816.8,4816.8,,,,,,,,,,,,0.0,0.0,,
2025-10-17,869,2,Istanbul,,Trkiye,2005.0,41478.0,9938.33,OO%,583.5,OO%,1.0,2004.0,4950.0,4988.33,4988.33,4988.33,,,,,,,,,,,,4950.0,4950.0,,
2025-10-17,869,3,Copenhagen,,Denmark,1953.0,41478.0,8624.4,OXX,675600.0,OO%,2.0,1955.0,4800.0,3824.4,3824.4,3824.4,,,,,,,,,,,,4800.0,4800.0,,
2025-10-17,869,4,Manila,,Philippines,1986.0,41478.0,8226.5,OXX,573500.0,OOX,4.0,1982.0,4300.0,3926.5,3926.5,3926.5,,,,,,,,,,,,4300.0,4300.0,,
2025-10-17,869,5,Chicago,Illinois,United States,1941.0,41478.0,9872.8,OO%,6800.0,OOO,0.0,1941.0,5000.0,4872.8,4872.8,4872.8,,,,,,,,,,,,5000.0,5000.0,,
2025-10-20,872,1,Vatican City,,Vatican City,1959.0,42306.0,9598.394,OO%,80.3,OOX,3.0,1962.0,4600.0,4998.394,4998.394,4998.394,35245.0,9556.0,OO%,1500.0,OOX,3.0,1962.0,4600.0,4956.0,4956.0,4956.0,4600.0,4600.0,4600.0,4600.0
2025-10-20,872,2,London,England,United Kingdom,1911.0,42306.0,9784.552,OO%,772.4,OO%,2.0,1913.0,4800.0,4984.552,4984.552,4984.552,35245.0,8895.08,OO%,246.0,O%X,5.0,1906.0,3900.0,4995.08,4995.08,4995.08,4800.0,4800.0,3900.0,3900.0
2025-10-20,872,3,Havana,,Cuba,2006.0,42306.0,5930.4,OO%,3100.0,%XX,17.0,2023.0,1000.0,4930.4,4930.4,4930.4,35245.0,2012.0,XXX,6411000.0,OXX,11.0,2017.0,2000.0,12.0,12.0,12.0,1000.0,1000.0,2000.0,2000.0
2025-10-20,872,4,Ocean City,New Jersey,United States,2017.0,42306.0,10000.0,OOO,12.2,OOO,0.0,2017.0,5000.0,5000.0,5000.0,5000.0,35245.0,9587.08,OO%,646.0,OOX,3.0,2014.0,4600.0,4987.08,4987.08,4987.08,5000.0,5000.0,4600.0,4600.0
2025-10-20,872,5,Oslo,,Norway,1950.0,42306.0,6991.82,OO%,409.0,OXX,14.0,1964.0,2000.0,4991.82,4991.82,4991.82,35245.0,5195.0,OXX,305000.0,%XX,20.0,1930.0,1000.0,4195.0,4195.0,4195.0,2000.0,2000.0,1000.0,1000.0
2025-10-21,873,1,Washington DC,Washington DC,United States,1964.0,38133.0,10000.0,OOO,21.6,OOO,0.0,1964.0,5000.0,5000.0,5000.0,5000.0,42487.0,9950.0,OOO,17.4,OO%,1.0,1965.0,4950.0,5000.0,5000.0,5000.0,5000.0,5000.0,4950.0,4950.0
2025-10-21,873,2,Zagreb,,Croatia,1947.0,38133.0,4959.2,OO%,1300.0,XXX,22.0,1969.0,0.0,4959.2,4959.2,4959.2,42487.0,8400.0,OOO,25.0,O%X,6.0,1953.0,3400.0,5000.0,5000.0,5000.0,0.0,0.0,3400.0,3400.0
2025-10-21,873,3,Moscow,,Russia,1991.0,38133.0,7266.1,OXX,633900.0,O%X,7.0,1998.0,3400.0,3866.1,3866.1,3866.1,42487.0,9285.1,OO%,745.0,OOX,4.0,1995.0,4300.0,4985.1,4985.1,4985.1,3400.0,3400.0,4300.0,4300.0
2025-10-21,873,4,Monrovia,,Liberia,2014.0,38133.0,9995.851999999999,OO%,207.4,OOO,0.0,2014.0,5000.0,4995.852,4995.852,4995.852,42487.0,9940.14,OO%,493.0,OO%,1.0,2015.0,4950.0,4990.14,4990.14,4990.14,5000.0,5000.0,4950.0,4950.0
2025-10-21,873,5,Milan,,Italy,1975.0,38133.0,5912.8,OO%,4200.0,%XX,17.0,1958.0,1000.0,4912.8,4912.8,4912.8,42487.0,4911.2,OO%,4300.0,XXX,49.0,1926.0,0.0,4911.2,4911.2,4911.2,1000.0,1000.0,0.0,0.0
2025-10-22,874,1,Moab,Utah,United States,2025.0,29061.0,6658.5,OXX,341500.0,OXX,10.0,2015.0,2500.0,4158.5,4158.5,4158.5,36435.0,7560.7,OXX,339300.0,O%X,7.0,2018.0,3400.0,4160.7,4160.7,4160.7,2500.0,2500.0,3400.0,3400.0
2025-10-22,874,2,Caracas,,Venezuela,1988.0,29061.0,4997.366,OO%,131.7,XXX,35.0,2023.0,0.0,4997.366,4997.366,4997.366,36435.0,8386.86,OO%,657.0,O%X,7.0,1995.0,3400.0,4986.86,4986.86,4986.86,0.0,0.0,3400.0,3400.0
2025-10-22,874,3,Barcelona,,Spain,1957.0,29061.0,7441.6,OO%,2400.0,OXX,8.0,1965.0,2500.0,4941.6,4941.6,4941.6,36435.0,9557.6,OO%,1400.0,OOX,3.0,1960.0,4600.0,4957.6,4957.6,4957.6,2500.0,2500.0,4600.0,4600.0
2025-10-22,874,4,Baku,,Azerbaijan,2024.0,29061.0,5012.0,XXX,9363500.0,OOO,0.0,2024.0,5000.0,12.0,12.0,12.0,36435.0,5012.0,XXX,9682000.0,OOO,0.0,2024.0,5000.0,12.0,12.0,12.0,5000.0,5000.0,5000.0,5000.0
2025-10-22,874,5,Paris,Ile-de-France,France,1924.0,29061.0,4952.8,OO%,1700.0,XXX,24.0,1948.0,0.0,4952.8,4952.8,4952.8,36435.0,5917.6,OO%,3900.0,%XX,20.0,1944.0,1000.0,4917.6,4917.6,4917.6,0.0,0.0,1000.0,1000.0
2025-10-23,875,1,Zurich,,Switzerland,1962.0,41019.0,8755.3,OXX,694700.0,OO%,1.0,1963.0,4950.0,3805.3,3805.3,3805.3,41458.0,9989.32,OO%,534.0,OOO,0.0,1962.0,5000.0,4989.32,4989.32,4989.32,4950.0,4950.0,5000.0,5000.0
2025-10-23,875,2,Philadelphia,Pennsylvania,United States,1986.0,41019.0,5992.994,OO%,350.3,%XX,20.0,2006.0,1000.0,4992.994,4992.994,4992.994,41458.0,6868.0,O%X,132000.0,OXX,9.0,1995.0,2500.0,4368.0,4368.0,4368.0,1000.0,1000.0,2500.0,2500.0
2025-10-23,875,3,Jerusalem,,Israel,1940.0,41019.0,6877.6,OO%,5600.0,OXX,14.0,1954.0,2000.0,4877.6,4877.6,4877.6,41458.0,6856.0,OO%,11000.0,OXX,15.0,1955.0,2000.0,4856.0,4856.0,4856.0,2000.0,2000.0,2000.0,2000.0
2025-10-23,875,4,Gyor,,Hungary,1956.0,41019.0,9600.0,OOO,13.8,OOX,3.0,1953.0,4600.0,5000.0,5000.0,5000.0,41458.0,7793.0,O%X,107000.0,O%X,6.0,1962.0,3400.0,4393.0,4393.0,4393.0,4600.0,4600.0,3400.0,3400.0
2025-10-23,875,5,Tokyo,,Japan,2015.0,41019.0,9792.8,OO%,14300.0,OO%,1.0,2016.0,4950.0,4842.8,4842.8,4842.8,41458.0,9952.8,OO%,1700.0,OOO,0.0,2015.0,5000.0,4952.8,4952.8,4952.8,4950.0,4950.0,5000.0,5000.0
2025-10-24,876,1,Oklahoma City,Oklahoma,United States,1995.0,38495.0,9930.926,OO%,953.7,OO%,1.0,1994.0,4950.0,4980.926,4980.926,4980.926,40175.0,8388.8,OO%,560.0,O%X,7.0,1988.0,3400.0,4988.8,4988.8,4988.8,4950.0,4950.0,3400.0,3400.0
2025-10-24,876,2,Dublin,,Ireland,1946.0,38495.0,2451.58,XXX,5242100.0,OXX,13.0,1959.0,2000.0,451.5799999999999,451.5799999999999,451.5799999999999,40175.0,8336.0,OXX,464000.0,OOX,4.0,1950.0,4300.0,4036.0,4036.0,4036.0,2000.0,2000.0,4300.0,4300.0
2025-10-24,876,3,Dresden,Saxony,Germany,1978.0,38495.0,9334.6,O%X,165400.0,OOO,0.0,1978.0,5000.0,4334.6,4334.6,4334.6,40175.0,3950.0,OXX,550000.0,XXX,25.0,1953.0,0.0,3950.0,3950.0,3950.0,5000.0,5000.0,0.0,0.0
2025-10-24,876,4,Warsaw,,Poland,1959.0,38495.0,8385.862000000001,OO%,706.9,O%X,6.0,1965.0,3400.0,4985.862,4985.862,4985.862,40175.0,9912.4,OO%,1100.0,OO%,1.0,1960.0,4950.0,4962.4,4962.4,4962.4,3400.0,3400.0,4950.0,4950.0
2025-10-24,876,5,Thimphu,,Bhutan,2008.0,38495.0,8391.188,OO%,440.6,O%X,6.0,2002.0,3400.0,4991.188,4991.188,4991.188,40175.0,9591.220000000001,OO%,439.0,OOX,3.0,2005.0,4600.0,4991.22,4991.22,4991.22,3400.0,3400.0,4600.0,4600.0
2025-10-27,879,1,Montreal,Quebec,Canada,1967.0,39523.0,9875.2,OO%,6200.0,OOO,0.0,1967.0,5000.0,4875.2,4875.2,4875.2,43083.0,6823.0677,XXX,2031000.0,OOO,0.0,1967.0,5000.0,1823.0677,1823.0677,1823.0677,5000.0,5000.0,5000.0,5000.0
2025-10-27,879,2,Shanghai,Shanghai,China,2012.0,39523.0,8333.6,OO%,2900.0,O%X,7.0,2019.0,3400.0,4933.6,4933.6,4933.6,43083.0,6956.0,OO%,1500.0,OXX,12.0,2024.0,2000.0,4956.0,4956.0,4956.0,3400.0,3400.0,2000.0,2000.0
2025-10-27,879,3,Berlin,Berlin,Germany,1941.0,39523.0,9592.060000000001,OO%,397.0,OOX,3.0,1938.0,4600.0,4992.06,4992.06,4992.06,43083.0,9891.6,OO%,2400.0,OO%,1.0,1940.0,4950.0,4941.6,4941.6,4941.6,4600.0,4600.0,4950.0,4950.0
2025-10-27,879,4,New York,New York,United States,1911.0,39523.0,8309.6,OO%,4400.0,O%X,6.0,1905.0,3400.0,4909.6,4909.6,4909.6,43083.0,10000.0,OOO,37.0,OOO,0.0,1911.0,5000.0,5000.0,5000.0,5000.0,3400.0,3400.0,5000.0,5000.0
2025-10-27,879,5,Athens,,Greece,1991.0,39523.0,3412.0,XXX,11112200.0,O%X,7.0,1984.0,3400.0,12.0,12.0,12.0,43083.0,9410.0,OO%,22500.0,OOX,3.0,1988.0,4600.0,4810.0,4810.0,4810.0,3400.0,3400.0,4600.0,4600.0
2025-10-28,880,1,Washington DC,Washington DC,United States,1945.0,36235.0,6000.0,OOO,38.1,%XX,20.0,1925.0,1000.0,5000.0,5000.0,5000.0,40221.0,9998.939999999999,OO%,53.0,OOO,0.0,1945.0,5000.0,4998.94,4998.94,4998.94,1000.0,1000.0,5000.0,5000.0
2025-10-28,880,2,Helsinki,,Finland,1950.0,36235.0,8851.2,OO%,1800.0,O%X,5.0,1955.0,3900.0,4951.2,4951.2,4951.2,40221.0,6105.0,OXX,395000.0,OXX,12.0,1962.0,2000.0,4105.0,4105.0,4105.0,3900.0,3900.0,2000.0,2000.0
2025-10-28,880,3,Abidja,,Cte d'Ivoire,2025.0,36235.0,8268.8,OO%,7800.0,O%X,7.0,2018.0,3400.0,4868.8,4868.8,4868.8,40221.0,7376.0,OO%,6000.0,OXX,9.0,2016.0,2500.0,4876.0,4876.0,4876.0,3400.0,3400.0,2500.0,2500.0
2025-10-28,880,4,St. Petersburg,,Russia,1968.0,36235.0,7497.356,OO%,132.2,OXX,8.0,1976.0,2500.0,4997.356,4997.356,4997.356,40221.0,6951.2,OO%,1800.0,OXX,13.0,1955.0,2000.0,4951.2,4951.2,4951.2,2500.0,2500.0,2000.0,2000.0
2025-10-28,880,5,Dubai,,United Arab Emirates,2006.0,36235.0,5616.8,OXX,883200.0,OXX,13.0,2019.0,2000.0,3616.8,3616.8,3616.8,40221.0,9789.2,OO%,15200.0,OO%,1.0,2005.0,4950.0,4839.2,4839.2,4839.2,2000.0,2000.0,4950.0,4950.0
2025-10-29,881,1,Tokyo,,Japan,2012.0,44332.0,9582.864,OO%,856.8,OOX,3.0,2015.0,4600.0,4982.864,4982.864,4982.864,45010.0,9940.32,OO%,484.0,OO%,1.0,2011.0,4950.0,4990.32,4990.32,4990.32,4600.0,4600.0,4950.0,4950.0
2025-10-29,881,2,Jerusalem,,Israel,2025.0,44332.0,9944.198,OO%,290.1,OO%,1.0,2024.0,4950.0,4994.198,4994.198,4994.198,45010.0,9638.0,OOX,53000.0,OO%,1.0,2024.0,4950.0,4688.0,4688.0,4688.0,4950.0,4950.0,4950.0,4950.0
2025-10-29,881,3,Los Angeles,California,United States,1994.0,44332.0,9938.814,OO%,559.3,OO%,1.0,1993.0,4950.0,4988.814,4988.814,4988.814,45010.0,5994.7,OO%,265.0,%XX,19.0,1975.0,1000.0,4994.7,4994.7,4994.7,4950.0,4950.0,1000.0,1000.0
2025-10-29,881,4,Caracas,,Venezuela,1988.0,44332.0,7376.8,OO%,5800.0,OXX,10.0,1998.0,2500.0,4876.8,4876.8,4876.8,45010.0,9676.8,OO%,5800.0,OO%,2.0,1990.0,4800.0,4876.8,4876.8,4876.8,2500.0,2500.0,4800.0,4800.0
2025-10-29,881,5,Amsterdam,,Netherlands,1950.0,44332.0,7489.132,OO%,543.4,OXX,8.0,1958.0,2500.0,4989.132,4989.132,4989.132,45010.0,9760.0,OO%,35000.0,OOO,0.0,1950.0,5000.0,4760.0,4760.0,4760.0,2500.0,2500.0,5000.0,5000.0
2025-10-30,882,1,Chicago,Illinois,United States,1975.0,38488.0,4941.6,OO%,2400.0,XXX,47.0,1928.0,0.0,4941.6,4941.6,4941.6,40329.0,9227.2,OO%,3300.0,OOX,4.0,1971.0,4300.0,4927.2,4927.2,4927.2,0.0,0.0,4300.0,4300.0
2025-10-30,882,2,Lagos,,Nigeria,2016.0,38488.0,9676.4,OO%,5900.0,OO%,2.0,2018.0,4800.0,4876.4,4876.4,4876.4,40329.0,6908.0,OO%,4500.0,OXX,11.0,2005.0,2000.0,4908.0,4908.0,4908.0,4800.0,4800.0,2000.0,2000.0
2025-10-30,882,3,Antwerp,,Belgium,1955.0,38488.0,5998.632,OO%,68.4,%XX,19.0,1936.0,1000.0,4998.632,4998.632,4998.632,40329.0,9028.4,OOX,42900.0,OOX,4.0,1951.0,4300.0,4728.4,4728.4,4728.4,1000.0,1000.0,4300.0,4300.0
2025-10-30,882,4,Zagreb,,Croatia,1963.0,38488.0,9289.89,OO%,505.5,OOX,4.0,1967.0,4300.0,4989.89,4989.89,4989.89,40329.0,7484.292,OO%,785.4,OXX,9.0,1954.0,2500.0,4984.292,4984.292,4984.292,4300.0,4300.0,2500.0,2500.0
2025-10-30,882,5,Cork,,Ireland,1920.0,38488.0,8581.5,O%X,218500.0,OOX,4.0,1924.0,4300.0,4281.5,4281.5,4281.5,40329.0,7680.9,O%X,219100.0,O%X,6.0,1914.0,3400.0,4280.9,4280.9,4280.9,4300.0,4300.0,3400.0,3400.0
2025-10-31,883,1,Los Angeles,California,United States,1938.0,46947.0,9789.64,OO%,518.0,OO%,2.0,1936.0,4800.0,4989.64,4989.64,4989.64,41364.0,8395.076000000001,OO%,246.2,O%X,7.0,1931.0,3400.0,4995.076,4995.076,4995.076,4800.0,4800.0,3400.0,3400.0
2025-10-31,883,2,Rabat,,Morocco,2024.0,46947.0,9753.6,OO%,24100.0,OO%,1.0,2023.0,4950.0,4803.6,4803.6,4803.6,41364.0,7997.6,OOX,75600.0,O%X,7.0,2017.0,3400.0,4597.6,4597.6,4597.6,4950.0,4950.0,3400.0,3400.0
2025-10-31,883,3,Krefeld,North Rhine-Westphalia,Germany,1945.0,46947.0,9117.7,OXX,382300.0,OOO,0.0,1945.0,5000.0,4117.7,4117.7,4117.7,41364.0,8963.1,OXX,486900.0,OO%,1.0,1944.0,4950.0,4013.1,4013.1,4013.1,5000.0,5000.0,4950.0,4950.0
2025-10-31,883,4,Bratislava,,Slovakia,1974.0,46947.0,9940.374,OO%,481.3,OO%,1.0,1973.0,4950.0,4990.374,4990.374,4990.374,41364.0,8496.2,OXX,803800.0,OO%,2.0,1976.0,4800.0,3696.2,3696.2,3696.2,4950.0,4950.0,4800.0,4800.0
2025-10-31,883,5,Mulhouse,Grand Est,France,1959.0,46947.0,8344.8,OO%,2200.0,O%X,6.0,1965.0,3400.0,4944.8,4944.8,4944.8,41364.0,7512.0,OXX,388000.0,O%X,6.0,1953.0,3400.0,4112.0,4112.0,4112.0,3400.0,3400.0,3400.0,3400.0
2025-11-03,886,1,Moscow,,Russia,1990.0,41639.0,9996.186,OO%,190.7,OOO,0.0,1990.0,5000.0,4996.186,4996.186,4996.186,38735.0,9959.2,OO%,1300.0,OOO,0.0,1990.0,5000.0,4959.2,4959.2,4959.2,5000.0,5000.0,5000.0,5000.0
2025-11-03,886,2,Berlin,Berlin,Germany,1955.0,41639.0,5866.0,OO%,8500.0,%XX,20.0,1935.0,1000.0,4866.0,4866.0,4866.0,38735.0,6861.6,OO%,9600.0,OXX,15.0,1940.0,2000.0,4861.6,4861.6,4861.6,1000.0,1000.0,2000.0,2000.0
2025-11-03,886,3,Santiago,,Chile,1910.0,41639.0,7444.8,OO%,2200.0,OXX,8.0,1918.0,2500.0,4944.8,4944.8,4944.8,38735.0,4612.0,XXX,12640000.0,OOX,3.0,1913.0,4600.0,12.0,12.0,12.0,2500.0,2500.0,4600.0,4600.0
2025-11-03,886,4,Lisbon,,Portugal,1982.0,41639.0,8382.522,OO%,873.9,O%X,6.0,1988.0,3400.0,4982.522,4982.522,4982.522,38735.0,7305.2,OO%,23700.0,OXX,8.0,1990.0,2500.0,4805.2,4805.2,4805.2,3400.0,3400.0,2500.0,2500.0
2025-11-03,886,5,Indianapolis,Indiana,United States,1918.0,41639.0,9950.0,OOO,6.0,OO%,1.0,1919.0,4950.0,5000.0,5000.0,5000.0,38735.0,9998.082,OO%,95.9,OOO,0.0,1918.0,5000.0,4998.082,4998.082,4998.082,4950.0,4950.0,5000.0,5000.0
2025-11-04,887,1,Beirut,,Lebanon,2020.0,45238.0,9990.880000000001,OO%,456.0,OOO,0.0,2020.0,5000.0,4990.88,4990.88,4990.88,38086.0,8117.0,OXX,283000.0,O%X,5.0,2025.0,3900.0,4217.0,4217.0,4217.0,5000.0,5000.0,3900.0,3900.0
2025-11-04,887,2,Dublin,,Ireland,1996.0,45238.0,8380.0,OO%,1000.0,O%X,6.0,1990.0,3400.0,4980.0,4980.0,4980.0,38086.0,6992.56,OO%,372.0,OXX,13.0,1983.0,2000.0,4992.56,4992.56,4992.56,3400.0,3400.0,2000.0,2000.0
2025-11-04,887,3,Barcelona,,Spain,1957.0,45238.0,9940.0,OO%,2500.0,OOO,0.0,1957.0,5000.0,4940.0,4940.0,4940.0,38086.0,8398.006000000001,OO%,99.7,O%X,7.0,1950.0,3400.0,4998.006,4998.006,4998.006,5000.0,5000.0,3400.0,3400.0
2025-11-04,887,4,Denver,Colorado,United States,1966.0,45238.0,9956.0,OO%,1500.0,OOO,0.0,1966.0,5000.0,4956.0,4956.0,4956.0,38086.0,9986.720000000001,OO%,664.0,OOO,0.0,1966.0,5000.0,4986.72,4986.72,4986.72,5000.0,5000.0,5000.0,5000.0
2025-11-04,887,5,Helsinki,,Finland,1936.0,45238.0,6987.858,OO%,607.1,OXX,14.0,1950.0,2000.0,4987.858,4987.858,4987.858,38086.0,4590.65,%XX,1818700.0,OXX,11.0,1947.0,2000.0,2590.65,2590.65,2590.65,2000.0,2000.0,2000.0,2000.0
2025-11-05,888,1,New York,New York,United States,2025.0,39125.0,10000.0,OOO,8.7,OOO,0.0,2025.0,5000.0,5000.0,5000.0,5000.0,29711.0,9997.844000000001,OO%,107.8,OOO,0.0,2025.0,5000.0,4997.844,4997.844,4997.844,5000.0,5000.0,5000.0,5000.0
2025-11-05,888,2,Vilnius,,Lithuania,1939.0,39125.0,4995.618,OO%,219.1,XXX,21.0,1918.0,0.0,4995.618,4995.618,4995.618,29711.0,6994.924,OO%,253.8,OXX,14.0,1925.0,2000.0,4994.924,4994.924,4994.924,0.0,0.0,2000.0,2000.0
2025-11-05,888,3,Cologne,North Rhine-Westphalia,Germany,1976.0,39125.0,8395.73,OO%,213.5,O%X,7.0,1983.0,3400.0,4995.73,4995.73,4995.73,29711.0,6087.3,OXX,412700.0,OXX,14.0,1962.0,2000.0,4087.3,4087.3,4087.3,3400.0,3400.0,2000.0,2000.0
2025-11-05,888,4,Melbourne,Victoria,Australia,1998.0,39125.0,5941.6,OO%,2400.0,%XX,16.0,1982.0,1000.0,4941.6,4941.6,4941.6,29711.0,3813.9,%XX,1372200.0,%XX,18.0,1980.0,1000.0,2813.9,2813.9,2813.9,1000.0,1000.0,1000.0,1000.0
2025-11-05,888,5,Nouakchott,,Mauritania,2016.0,39125.0,9791.1,OO%,445.0,OO%,2.0,2018.0,4800.0,4991.1,4991.1,4991.1,29711.0,2823.16,XXX,5884200.0,OXX,8.0,2024.0,2500.0,323.15999999999985,323.15999999999985,323.15999999999985,4800.0,4800.0,2500.0,2500.0
2025-11-06,889,1,Kingston,,Jamaica,2016.0,43258.0,9948.0,OO%,2000.0,OOO,0.0,2016.0,5000.0,4948.0,4948.0,4948.0,47279.0,9903.2,OO%,4800.0,OOO,0.0,2016.0,5000.0,4903.2,4903.2,4903.2,5000.0,5000.0,5000.0,5000.0
2025-11-06,889,2,Washington DC,Washington DC,United States,1911.0,43258.0,7496.496,OO%,175.2,OXX,8.0,1903.0,2500.0,4996.496,4996.496,4996.496,47279.0,9598.315999999999,OO%,84.2,OOX,3.0,1914.0,4600.0,4998.316,4998.316,4998.316,2500.0,2500.0,4600.0,4600.0
2025-11-06,889,3,Tel Aviv,,Israel,1933.0,43258.0,7186.4,OOX,53400.0,OXX,10.0,1923.0,2500.0,4686.4,4686.4,4686.4,47279.0,9482.4,OOX,54400.0,OO%,2.0,1935.0,4800.0,4682.4,4682.4,4682.4,2500.0,2500.0,4800.0,4800.0
2025-11-06,889,4,Budapest,,Hungary,1985.0,43258.0,8832.0,OO%,3000.0,O%X,5.0,1990.0,3900.0,4932.0,4932.0,4932.0,47279.0,9896.4,OO%,2100.0,OO%,1.0,1986.0,4950.0,4946.4,4946.4,4946.4,3900.0,3900.0,4950.0,4950.0
2025-11-06,889,5,Athens,,Greece,1964.0,43258.0,9797.088,OO%,145.6,OO%,2.0,1962.0,4800.0,4997.088,4997.088,4997.088,47279.0,8398.562,OO%,71.9,O%X,6.0,1958.0,3400.0,4998.562,4998.562,4998.562,4800.0,4800.0,3400.0,3400.0
2025-11-07,890,1,Memphis,Tennessee,United States,1977.0,41222.0,9169.2,OO%,7700.0,OOX,4.0,1973.0,4300.0,4869.2,4869.2,4869.2,39477.0,6236.0,OXX,264000.0,OXX,15.0,1962.0,2000.0,4236.0,4236.0,4236.0,4300.0,4300.0,2000.0,2000.0
2025-11-07,890,2,Copenhagen,,Denmark,1923.0,41222.0,9943.676,OO%,316.2,OO%,1.0,1924.0,4950.0,4993.676,4993.676,4993.676,39477.0,8580.0,OXX,520000.0,OOX,3.0,1920.0,4600.0,3980.0,3980.0,3980.0,4950.0,4950.0,4600.0,4600.0
2025-11-07,890,3,New Delhi,Delhi,India,2008.0,41222.0,7481.348,OO%,932.6,OXX,10.0,2018.0,2500.0,4981.348,4981.348,4981.348,39477.0,7219.5,%XX,1161000.0,OOX,4.0,2012.0,4300.0,2919.5,2919.5,2919.5,2500.0,2500.0,4300.0,4300.0
2025-11-07,890,4,Belfast,Northern Ireland,United Kingdom,1912.0,41222.0,6323.3,O%X,176700.0,OXX,13.0,1925.0,2000.0,4323.3,4323.3,4323.3,39477.0,8623.5,O%X,176500.0,OOX,4.0,1908.0,4300.0,4323.5,4323.5,4323.5,2000.0,2000.0,4300.0,4300.0
2025-11-07,890,5,Paris,Ile-de-France,France,1930.0,41222.0,8304.8,OO%,4700.0,O%X,7.0,1923.0,3400.0,4904.8,4904.8,4904.8,39477.0,8817.6,OO%,3900.0,O%X,5.0,1925.0,3900.0,4917.6,4917.6,4917.6,3400.0,3400.0,3900.0,3900.0
2025-11-17,900,1,Toronto,Ontario,Canada,2022.0,46724.0,9588.086,OO%,595.7,OOX,3.0,2025.0,4600.0,4988.086,4988.086,4988.086,45436.0,9946.664,OO%,166.8,OO%,1.0,2023.0,4950.0,4996.664,4996.664,4996.664,4600.0,4600.0,4950.0,4950.0
2025-11-17,900,2,Sofia,,Bulgaria,1995.0,46724.0,9988.164,OO%,591.8,OOO,0.0,1995.0,5000.0,4988.164,4988.164,4988.164,45436.0,7496.814,OO%,159.3,OXX,10.0,2005.0,2500.0,4996.814,4996.814,4996.814,5000.0,5000.0,2500.0,2500.0
2025-11-17,900,3,Paris,Ile-de-France,France,1909.0,46724.0,7448.0,OO%,2000.0,OXX,10.0,1919.0,2500.0,4948.0,4948.0,4948.0,45436.0,8883.11,OO%,844.5,O%X,5.0,1914.0,3900.0,4983.11,4983.11,4983.11,2500.0,2500.0,3900.0,3900.0
2025-11-17,900,4,Athens,,Greece,1989.0,46724.0,9894.8,OO%,2200.0,OO%,1.0,1988.0,4950.0,4944.8,4944.8,4944.8,45436.0,9259.2,OO%,1300.0,OOX,4.0,1985.0,4300.0,4959.2,4959.2,4959.2,4950.0,4950.0,4300.0,4300.0
2025-11-17,900,5,Bloomington,Indiana,United States,1911.0,46724.0,9805.2,OO%,23700.0,OOO,0.0,1911.0,5000.0,4805.2,4805.2,4805.2,45436.0,9850.0,OO%,12500.0,OOO,0.0,1911.0,5000.0,4850.0,4850.0,4850.0,5000.0,5000.0,5000.0,5000.0
2025-11-18,901,1,Cambridge,England,United Kingdom,1939.0,45513.0,9941.9,OO%,405.0,OO%,1.0,1940.0,4950.0,4991.9,4991.9,4991.9,40427.0,9793.423999999999,OO%,328.8,OO%,2.0,1937.0,4800.0,4993.424,4993.424,4993.424,4950.0,4950.0,4800.0,4800.0
2025-11-18,901,2,San Francisco,California,United States,2016.0,45513.0,9300.0,OOO,12.3,OOX,4.0,2012.0,4300.0,5000.0,5000.0,5000.0,40427.0,6262.4,OXX,737600.0,OXX,10.0,2006.0,2500.0,3762.4,3762.4,3762.4,4300.0,4300.0,2500.0,2500.0
2025-11-18,901,3,Havana,,Cuba,1960.0,45513.0,9851.6,OO%,12100.0,OOO,0.0,1960.0,5000.0,4851.6,4851.6,4851.6,40427.0,8254.0,OO%,11500.0,O%X,6.0,1966.0,3400.0,4854.0,4854.0,4854.0,5000.0,5000.0,3400.0,3400.0
2025-11-18,901,4,Rio de Janeiro,,Brazil,1991.0,45513.0,9600.0,OOO,17.3,OOX,3.0,1988.0,4600.0,5000.0,5000.0,5000.0,40427.0,7000.0,OOO,33.5,OXX,11.0,1980.0,2000.0,5000.0,5000.0,5000.0,4600.0,4600.0,2000.0,2000.0
2025-11-18,901,5,Amsterdam,,Netherlands,1949.0,45513.0,6819.6,OO%,20100.0,OXX,11.0,1960.0,2000.0,4819.6,4819.6,4819.6,40427.0,9117.2,OO%,20700.0,OOX,4.0,1953.0,4300.0,4817.2,4817.2,4817.2,2000.0,2000.0,4300.0,4300.0
2025-11-19,902,1,RAF Harwell,England,United Kingdom,1944.0,45836.0,9230.9,OXX,269100.0,OOO,0.0,1944.0,5000.0,4230.9,4230.9,4230.9,46002.0,9607.6,OOX,60600.0,OO%,1.0,1943.0,4950.0,4657.6,4657.6,4657.6,5000.0,5000.0,4950.0,4950.0
2025-11-19,902,2,Bratislava,,Slovakia,2016.0,45836.0,9800.0,OOO,11.0,OO%,2.0,2014.0,4800.0,5000.0,5000.0,5000.0,46002.0,9998.386,OO%,80.7,OOO,0.0,2016.0,5000.0,4998.386,4998.386,4998.386,4800.0,4800.0,5000.0,5000.0
2025-11-19,902,3,Copenhagen,,Denmark,1972.0,45836.0,9800.0,OOO,24.9,OO%,2.0,1970.0,4800.0,5000.0,5000.0,5000.0,46002.0,7498.11,OO%,94.5,OXX,8.0,1980.0,2500.0,4998.11,4998.11,4998.11,4800.0,4800.0,2500.0,2500.0
2025-11-19,902,4,Stockholm,,Sweden,1958.0,45836.0,7004.9,OXX,895100.0,O%X,6.0,1964.0,3400.0,3604.9,3604.9,3604.9,46002.0,9098.2,OXX,401800.0,OOO,0.0,1958.0,5000.0,4098.2,4098.2,4098.2,3400.0,3400.0,5000.0,5000.0
2025-11-19,902,5,Washington DC,Washington DC,United States,1962.0,45836.0,10000.0,OOO,1.2,OOO,0.0,1962.0,5000.0,5000.0,5000.0,5000.0,46002.0,9800.0,OOO,1.8,OO%,2.0,1964.0,4800.0,5000.0,5000.0,5000.0,5000.0,5000.0,4800.0,4800.0
2025-11-20,903,1,Chicago,Illinois,United States,1920.0,40914.0,6981.918,OO%,904.1,OXX,11.0,1931.0,2000.0,4981.918,4981.918,4981.918,39925.0,8900.0,OOO,11.1,O%X,5.0,1925.0,3900.0,5000.0,5000.0,5000.0,2000.0,2000.0,3900.0,3900.0
2025-11-20,903,2,Essen,North Rhine-Westphalia,Germany,1981.0,40914.0,8608.5,OXX,491500.0,OOX,3.0,1978.0,4600.0,4008.5,4008.5,4008.5,39925.0,6315.0,O%X,185000.0,OXX,13.0,1968.0,2000.0,4315.0,4315.0,4315.0,4600.0,4600.0,2000.0,2000.0
2025-11-20,903,3,Placencia,,Belize,2018.0,40914.0,7485.676,OO%,716.2,OXX,8.0,2010.0,2500.0,4985.676,4985.676,4985.676,39925.0,9995.08,OO%,246.0,OOO,0.0,2018.0,5000.0,4995.08,4995.08,4995.08,2500.0,2500.0,5000.0,5000.0
2025-11-20,903,4,Madrid,,Spain,1965.0,40914.0,9899.6,OO%,1900.0,OO%,1.0,1966.0,4950.0,4949.6,4949.6,4949.6,39925.0,7483.938,OO%,803.1,OXX,8.0,1957.0,2500.0,4983.938,4983.938,4983.938,4950.0,4950.0,2500.0,2500.0
2025-11-20,903,5,Shanghai,,China,1972.0,40914.0,7937.25,%XX,1125500.0,OOO,0.0,1972.0,5000.0,2937.25,2937.25,2937.25,39925.0,7230.55,%XX,1138900.0,OOX,4.0,1968.0,4300.0,2930.55,2930.55,2930.55,5000.0,5000.0,4300.0,4300.0
2025-11-21,904,1,Moscow,,Russia,1991.0,46275.0,9899.6,OO%,1900.0,OO%,1.0,1992.0,4950.0,4949.6,4949.6,4949.6,46812.0,8343.2,OO%,2300.0,O%X,6.0,1985.0,3400.0,4943.2,4943.2,4943.2,4950.0,4950.0,3400.0,3400.0
2025-11-21,904,2,Oslo,,Norway,1950.0,46275.0,7489.06,OO%,547.0,OXX,10.0,1960.0,2500.0,4989.06,4989.06,4989.06,46812.0,9989.626,OO%,518.7,OOO,0.0,1950.0,5000.0,4989.626,4989.626,4989.626,2500.0,2500.0,5000.0,5000.0
2025-11-21,904,3,Istanbul,,Trkiye,1910.0,46275.0,9298.764,OO%,61.8,OOX,4.0,1906.0,4300.0,4998.764,4998.764,4998.764,46812.0,8896.24,OO%,188.0,O%X,5.0,1905.0,3900.0,4996.24,4996.24,4996.24,4300.0,4300.0,3900.0,3900.0
2025-11-21,904,4,Washington DC,Washington DC,United States,2025.0,46275.0,10000.0,OOO,7.5,OOO,0.0,2025.0,5000.0,5000.0,5000.0,5000.0,46812.0,10000.0,OOO,9.1,OOO,0.0,2025.0,5000.0,5000.0,5000.0,5000.0,5000.0,5000.0,5000.0,5000.0
2025-11-21,904,5,Dublin,,Ireland,1916.0,46275.0,9588.272,OO%,586.4,OOX,3.0,1919.0,4600.0,4988.272,4988.272,4988.272,46812.0,9583.254,OO%,837.3,OOX,3.0,1913.0,4600.0,4983.254,4983.254,4983.254,4600.0,4600.0,4600.0,4600.0
2025-11-24,907,1,San Francisco,California,United States,1992.0,43960.0,9241.6,OO%,2400.0,OOX,4.0,1996.0,4300.0,4941.6,4941.6,4941.6,44717.0,8393.956,OO%,302.2,O%X,6.0,1998.0,3400.0,4993.956,4993.956,4993.956,4300.0,4300.0,3400.0,3400.0
2025-11-24,907,2,Madrid,,Spain,1965.0,43960.0,8710.2,OXX,389800.0,OOX,3.0,1968.0,4600.0,4110.2,4110.2,4110.2,44717.0,8394.155999999999,OO%,292.2,O%X,7.0,1958.0,3400.0,4994.156,4994.156,4994.156,4600.0,4600.0,3400.0,3400.0
2025-11-24,907,3,Buenos Aires,,Argentina,1987.0,43960.0,9980.0,OO%,1000.0,OOO,0.0,1987.0,5000.0,4980.0,4980.0,4980.0,44717.0,10000.0,OOO,31.4,OOO,0.0,1987.0,5000.0,5000.0,5000.0,5000.0,5000.0,5000.0,5000.0,5000.0
2025-11-24,907,4,Lillehammer,,Norway,1906.0,43960.0,7766.7,O%X,133300.0,O%X,7.0,1913.0,3400.0,4366.7,4366.7,4366.7,44717.0,9160.0,OXX,290000.0,OO%,1.0,1905.0,4950.0,4210.0,4210.0,4210.0,3400.0,3400.0,4950.0,4950.0
2025-11-24,907,5,Lima,,Peru,2015.0,43960.0,8277.2,OO%,5700.0,O%X,6.0,2009.0,3400.0,4877.2,4877.2,4877.2,44717.0,8768.4,OO%,7900.0,O%X,5.0,2010.0,3900.0,4868.4,4868.4,4868.4,3400.0,3400.0,3900.0,3900.0
